-- phpMyAdmin SQL Dump
-- version 4.8.3
-- https://www.phpmyadmin.net/
--
-- Máy chủ: 127.0.0.1
-- Thời gian đã tạo: Th7 10, 2019 lúc 07:48 PM
-- Phiên bản máy phục vụ: 10.1.37-MariaDB
-- Phiên bản PHP: 7.2.12

SET SQL_MODE = "NO_AUTO_VALUE_ON_ZERO";
SET AUTOCOMMIT = 0;
START TRANSACTION;
SET time_zone = "+00:00";


/*!40101 SET @OLD_CHARACTER_SET_CLIENT=@@CHARACTER_SET_CLIENT */;
/*!40101 SET @OLD_CHARACTER_SET_RESULTS=@@CHARACTER_SET_RESULTS */;
/*!40101 SET @OLD_COLLATION_CONNECTION=@@COLLATION_CONNECTION */;
/*!40101 SET NAMES utf8mb4 */;

--
-- Cơ sở dữ liệu: `websitebanlaptop`
--

-- --------------------------------------------------------

--
-- Cấu trúc bảng cho bảng `banner`
--

CREATE TABLE `banner` (
  `maBanner` int(11) NOT NULL,
  `tenBanner` varchar(250) DEFAULT NULL,
  `anhBanner` varchar(250) DEFAULT NULL,
  `banneractive` int(11) NOT NULL DEFAULT '1'
) ENGINE=InnoDB DEFAULT CHARSET=utf8;

--
-- Đang đổ dữ liệu cho bảng `banner`
--

INSERT INTO `banner` (`maBanner`, `tenBanner`, `anhBanner`, `banneractive`) VALUES
(6, 'QC Acer', '636922570133721095_Banner-AcerThang5-C1-2x.png', 0),
(7, 'Laptop online', '636900690597830169_Banner-Laptop Online-C1_1200x300@2x.png', 1),
(8, 'F-c1', '636921464412340000_Banner-F-C1_1200x300_SS1@2.png', 1),
(9, 'Qc LaptopGamming', '636934239368451862_C1 Laptop Gaming - Section1 (6).jpg', 1);

-- --------------------------------------------------------

--
-- Cấu trúc bảng cho bảng `binhluansp`
--

CREATE TABLE `binhluansp` (
  `maBinhLuan` int(11) NOT NULL,
  `maSanPham` int(11) DEFAULT NULL,
  `maTaiKhoan` int(11) DEFAULT NULL,
  `thoiGian` timestamp NULL DEFAULT CURRENT_TIMESTAMP,
  `comment` mediumtext,
  `view` tinyint(4) DEFAULT '1'
) ENGINE=InnoDB DEFAULT CHARSET=utf8;

--
-- Đang đổ dữ liệu cho bảng `binhluansp`
--

INSERT INTO `binhluansp` (`maBinhLuan`, `maSanPham`, `maTaiKhoan`, `thoiGian`, `comment`, `view`) VALUES
(1, 75, 10, '2019-05-25 04:25:51', 'Sản phẩm đẹp, mỏng , nhẹ , cấu hình tốt.', 0),
(2, 82, 10, '2019-05-25 04:39:28', 'Chơi game mượt.', 1);

-- --------------------------------------------------------

--
-- Cấu trúc bảng cho bảng `chitietdondathang`
--

CREATE TABLE `chitietdondathang` (
  `maDonDatHang` int(11) NOT NULL,
  `maSanPham` int(11) NOT NULL,
  `tenSanPham` varchar(250) DEFAULT NULL,
  `soLuong` int(11) DEFAULT NULL,
  `mactddh` int(11) NOT NULL
) ENGINE=InnoDB DEFAULT CHARSET=utf8;

--
-- Đang đổ dữ liệu cho bảng `chitietdondathang`
--

INSERT INTO `chitietdondathang` (`maDonDatHang`, `maSanPham`, `tenSanPham`, `soLuong`, `mactddh`) VALUES
(10, 82, 'Laptop Asus FX504GE', 1, 10),
(11, 75, 'Apple Macbook Pro', 2, 11),
(11, 102, 'MSI Prestige PS42', 3, 12),
(12, 74, 'Apple Macbook Air 128GB', 1, 13);

-- --------------------------------------------------------

--
-- Cấu trúc bảng cho bảng `danhmuc`
--

CREATE TABLE `danhmuc` (
  `maDanhMuc` int(11) NOT NULL,
  `tenDanhMuc` varchar(100) DEFAULT NULL,
  `moTaDanhMuc` varchar(250) DEFAULT NULL,
  `logo` varchar(255) DEFAULT NULL
) ENGINE=InnoDB DEFAULT CHARSET=utf8;

--
-- Đang đổ dữ liệu cho bảng `danhmuc`
--

INSERT INTO `danhmuc` (`maDanhMuc`, `tenDanhMuc`, `moTaDanhMuc`, `logo`) VALUES
(13, 'Macbook', 'Macbook', 'Macbook44-b_34.png'),
(14, 'HP', 'Laptop HP', 'HP-Compaq44-b_36.jpg'),
(15, 'Asus', 'Laptop Asus', 'Asus44-b_35.jpg'),
(16, 'Dell', 'Laptop Dell', 'Dell44-b_34.jpg'),
(17, 'Lenovo', 'Laptop Lenovo', 'Lenovo44-b_36.jpg'),
(18, 'Acer', 'Laptop Acer', 'Acer44-b_37.jpg'),
(19, 'MSI', 'Laptop MSI', 'MSI44-b_30.png');

-- --------------------------------------------------------

--
-- Cấu trúc bảng cho bảng `dondathang`
--

CREATE TABLE `dondathang` (
  `maDonDatHang` int(11) NOT NULL,
  `maTaiKhoan` int(11) DEFAULT NULL,
  `tenNguoiNhan` varchar(250) DEFAULT NULL,
  `emailNguoiNhan` varchar(250) DEFAULT NULL,
  `sdtNguoiNhan` varchar(20) DEFAULT NULL,
  `diaChiNguoiNhan` varchar(250) DEFAULT NULL,
  `moTaDDH` mediumtext,
  `ngayTao` datetime DEFAULT CURRENT_TIMESTAMP,
  `trangThai` tinyint(4) DEFAULT '0',
  `nguoiXuLy` varchar(250) DEFAULT 'Null'
) ENGINE=InnoDB DEFAULT CHARSET=utf8;

--
-- Đang đổ dữ liệu cho bảng `dondathang`
--

INSERT INTO `dondathang` (`maDonDatHang`, `maTaiKhoan`, `tenNguoiNhan`, `emailNguoiNhan`, `sdtNguoiNhan`, `diaChiNguoiNhan`, `moTaDDH`, `ngayTao`, `trangThai`, `nguoiXuLy`) VALUES
(10, 10, 'Nguyễn Ngọc Hoài', 'admin@gmail.com', '02147483647', '5A Cam Ranh', '24', '2019-06-19 16:19:06', 2, 'Nguyễn Ngọc Hoài'),
(11, 10, 'Nguyễn Ngọc Hoài', 'admin@gmail.com', '02147483647', '5A Cam Ranh', 'Giao hàng nhanh', '2019-06-19 16:31:42', 2, 'Nguyễn Ngọc Hoài'),
(12, 10, 'Nguyễn Ngọc Hoài', 'admin@gmail.com', '02147483647', '5A Cam Ranh', '', '2019-06-19 16:34:11', 0, 'Null');

-- --------------------------------------------------------

--
-- Cấu trúc bảng cho bảng `item_rating`
--

CREATE TABLE `item_rating` (
  `ratingId` int(11) NOT NULL,
  `itemId` int(11) NOT NULL,
  `userId` int(11) NOT NULL,
  `ratingNumber` int(11) NOT NULL,
  `title` varchar(255) COLLATE utf8_unicode_ci NOT NULL,
  `comments` text COLLATE utf8_unicode_ci NOT NULL,
  `created` datetime NOT NULL DEFAULT CURRENT_TIMESTAMP,
  `modified` datetime NOT NULL DEFAULT CURRENT_TIMESTAMP,
  `status` tinyint(1) NOT NULL DEFAULT '1' COMMENT '1 = Block, 0 = Unblock'
) ENGINE=InnoDB DEFAULT CHARSET=utf8 COLLATE=utf8_unicode_ci;

-- --------------------------------------------------------

--
-- Cấu trúc bảng cho bảng `quyen`
--

CREATE TABLE `quyen` (
  `maQuyen` int(11) NOT NULL,
  `tenQuyen` varchar(250) NOT NULL
) ENGINE=InnoDB DEFAULT CHARSET=utf8;

--
-- Đang đổ dữ liệu cho bảng `quyen`
--

INSERT INTO `quyen` (`maQuyen`, `tenQuyen`) VALUES
(1, 'Admin'),
(2, 'Khách Hàng');

-- --------------------------------------------------------

--
-- Cấu trúc bảng cho bảng `sanpham`
--

CREATE TABLE `sanpham` (
  `maSanPham` int(11) NOT NULL,
  `tenSanPham` varchar(250) DEFAULT NULL,
  `giaSanPham` int(11) DEFAULT NULL,
  `hinhAnhSanPham` varchar(100) DEFAULT NULL,
  `moTaSanPham` mediumtext,
  `chiTietSanPham` mediumtext,
  `loaiSanPham` varchar(100) DEFAULT NULL,
  `soLuongSanPham` int(11) DEFAULT NULL,
  `ngayTaoSanPham` timestamp NULL DEFAULT CURRENT_TIMESTAMP,
  `maDanhMuc_S` int(11) DEFAULT NULL,
  `view` tinyint(4) DEFAULT '0',
  `sale` int(11) DEFAULT '0',
  `luotxem` int(11) DEFAULT '0'
) ENGINE=InnoDB DEFAULT CHARSET=utf8;

--
-- Đang đổ dữ liệu cho bảng `sanpham`
--

INSERT INTO `sanpham` (`maSanPham`, `tenSanPham`, `giaSanPham`, `hinhAnhSanPham`, `moTaSanPham`, `chiTietSanPham`, `loaiSanPham`, `soLuongSanPham`, `ngayTaoSanPham`, `maDanhMuc_S`, `view`, `sale`, `luotxem`) VALUES
(72, 'Apple Macbook Air 2017', 22000000, 'apple-macbook-air-mqd32sa-a-i5-5350u-400-1-450x300-600x600.jpg', '<h3><strong>Thiết kế si&ecirc;u mỏng v&agrave; nhẹ</strong></h3>\r\n\r\n<p>Với thiết kế đặc trưng của d&ograve;ng&nbsp;<a href=\"https://www.thegioididong.com/tim-kiem?key=Macbook+Air+\" target=\"_blank\">MacBook Air</a>, phi&ecirc;n bản n&agrave;y chỉ mỏng&nbsp;<strong>1.7 cm</strong>&nbsp;v&agrave; trọng lượng l&agrave;&nbsp;<strong>1.35 kg</strong>, rất tiện lợi v&agrave; dễ d&agrave;ng để bạn lu&ocirc;n mang theo b&ecirc;n m&igrave;nh.</p>\r\n\r\n<p><a href=\"https://www.thegioididong.com/images/44/106875/apple-macbook-air-mqd32sa-a-i5-5350u-tk.jpg\" onclick=\"return false;\"><img alt=\"Thiết kế siêu mỏng và nhẹ\" src=\"https://cdn.tgdd.vn/Products/Images/44/106875/apple-macbook-air-mqd32sa-a-i5-5350u-tk.jpg\" style=\"height:356px; width:640px\" /></a></p>\r\n\r\n<p>Ngo&agrave;i ra thiết kế logo quả t&aacute;o ph&aacute;t s&aacute;ng tạo n&ecirc;n đặc trưng ri&ecirc;ng kh&aacute;c biệt của&nbsp;Apple cũng được giữ nguy&ecirc;n tr&ecirc;n t&aacute;c phẩm n&agrave;y.</p>\r\n\r\n<p><a href=\"https://www.thegioididong.com/images/44/106875/apple-macbook-air-mqd32sa-a-i5-5350u-tk-1-1.jpg\" onclick=\"return false;\"><img alt=\"Logo quả táo phát sáng\" src=\"https://cdn.tgdd.vn/Products/Images/44/106875/apple-macbook-air-mqd32sa-a-i5-5350u-tk-1-1.jpg\" style=\"height:320px; width:640px\" /></a></p>\r\n\r\n<h3><strong>Hiệu năng mượt m&agrave;</strong></h3>\r\n\r\n<p><strong>Macbook Air MQD32SA/A i5 5350U</strong>&nbsp;c&oacute; bộ xử l&yacute;&nbsp;<a href=\"https://www.thegioididong.com/tin-tuc/tim-hieu-vi-xu-ly-may-tinh-cpu-intel-596066#broadwell\" target=\"_blank\">Intel Core i5 Broadwell</a>&nbsp;tốc độ&nbsp;<strong>1.80 GHz</strong>, card đồ họa t&iacute;ch hợp&nbsp;<a href=\"https://www.thegioididong.com/hoi-dap/intel-hd-graphics-754665#iris\" target=\"_blank\">Intel HD Graphics 6000</a>, bộ nhớ&nbsp;<strong>RAM</strong>&nbsp;<strong>8 GB</strong>, c&ugrave;ng ổ cứng lưu trữ&nbsp;<a href=\"https://www.thegioididong.com/hoi-dap/o-cung-ssd-la-gi-923073\" target=\"_blank\">SSD</a>&nbsp;<strong>128 GB</strong>&nbsp;gi&uacute;p m&aacute;y chạy mượt m&agrave; c&aacute;c thao t&aacute;c sử dụng.</p>\r\n\r\n<p><a href=\"https://www.thegioididong.com/images/44/106875/apple-macbook-air-mqd32sa-a-i5-5350u-ch.jpg\" onclick=\"return false;\"><img alt=\"Hiệu năng mượt mà\" src=\"https://cdn.tgdd.vn/Products/Images/44/106875/apple-macbook-air-mqd32sa-a-i5-5350u-ch.jpg\" style=\"height:356px; width:640px\" /></a></p>\r\n', '<ul>\r\n	<li>CPU:\r\n	<p><a href=\"https://www.thegioididong.com/tin-tuc/tim-hieu-vi-xu-ly-may-tinh-cpu-intel-596066#broadwell\" target=\"_blank\">Intel Core i5 Broadwell</a>, 1.80 GHz</p>\r\n	</li>\r\n	<li>RAM:\r\n	<p>8 GB,&nbsp;<a href=\"https://www.thegioididong.com/hoi-dap/ram-ddr3l-on-board-la-nhu-the-nao-951049\" target=\"_blank\">DDR3L(On board)</a>, 1600 MHz</p>\r\n	</li>\r\n	<li>Ổ cứng:\r\n	<p><a href=\"https://www.thegioididong.com/hoi-dap/o-cung-ssd-la-gi-923073\" target=\"_blank\">SSD: 128 GB</a></p>\r\n	</li>\r\n	<li>M&agrave;n h&igrave;nh:\r\n	<p>13.3 inch, WXGA+(1440 x 900)</p>\r\n	</li>\r\n	<li>Card m&agrave;n h&igrave;nh:\r\n	<p><a href=\"https://www.thegioididong.com/hoi-dap/card-do-hoa-tich-hop-la-gi-950047\" target=\"_blank\">Card đồ họa t&iacute;ch hợp</a>,&nbsp;<a href=\"https://www.thegioididong.com/hoi-dap/intel-hd-graphics-754665#iris\" target=\"_blank\">Intel HD Graphics 6000</a></p>\r\n	</li>\r\n	<li>Cổng kết nối:\r\n	<p><a href=\"https://www.thegioididong.com/hoi-dap/magsafe-2-tren-macbook-la-gi-959220?clearcache=1\" target=\"_blank\">MagSafe 2</a>,&nbsp;<a href=\"https://www.thegioididong.com/hoi-dap/usb-30-la-gi-926737\" target=\"_blank\">2 x USB 3.0</a>,&nbsp;<a href=\"https://www.thegioididong.com/tin-tuc/intel-cong-bo-chuan-thunderbolt-moi-nhanh-hon-gap--516567\" target=\"_blank\">Thunderbolt 2</a></p>\r\n	</li>\r\n	<li>Hệ điều h&agrave;nh:\r\n	<p><a href=\"https://www.thegioididong.com/hoi-dap/mac-os-la-gi-838020\" target=\"_blank\">Mac OS</a></p>\r\n	</li>\r\n	<li>Thiết kế:\r\n	<p>Vỏ kim loại nguy&ecirc;n khối, PIN liền</p>\r\n	</li>\r\n	<li>K&iacute;ch thước:\r\n	<p>D&agrave;y 17 mm, 1.35 Kg</p>\r\n	</li>\r\n</ul>\r\n', 'Cao Cấp', 99, '2019-05-24 16:43:26', 13, 0, 10, 7),
(73, 'Apple Macbook Air 2018', 32000000, 'apple-macbook-air-mree2sa-a-i5-8gb-128gb-133-gold-600x600.jpg', '<h2>Đặc điểm nổi bật của Apple Macbook Air 2018 i5/8GB/128GB (MREE2SA/A)</h2>\r\n\r\n<p><img src=\"https://cdn.tgdd.vn/Products/Images/44/197305/Slider/vi-vn-apple-macbook-air-mree2sa-a-i5-8gb-128gb-133-gold-slider-thietke.jpg\" style=\"height:355px; width:640px\" /></p>\r\n\r\n<h2><a href=\"https://www.thegioididong.com/laptop/apple-macbook-air-mree2sa-a-i5-8gb-128gb-133-gold\" target=\"_blank\">Macbook Air 2018</a>&nbsp;sở hữu vẻ ngo&agrave;i sang trọng v&agrave; mỏng nhẹ. Cấu h&igrave;nh đ&aacute;p ứng đầy đủ nhu cầu sử dụng văn ph&ograve;ng, giải tr&iacute; c&ugrave;ng thời lượng pin đủ để bạn sử dụng suốt cả ng&agrave;y d&agrave;i.</h2>\r\n\r\n<p>&nbsp;</p>\r\n\r\n<p>&nbsp;</p>\r\n\r\n<p>&nbsp;</p>\r\n\r\n<p>&nbsp;</p>\r\n\r\n<h3>Đ&aacute;p ứng tuyệt vời nhu cầu văn ph&ograve;ng</h3>\r\n\r\n<p>Dung lượng RAM 8 GB của Macbook Air 2018 cho ph&eacute;p bạn sử dụng c&ugrave;ng l&uacute;c nhiều ứng dụng, mở nhiều tab tr&igrave;nh duyệt m&agrave; kh&ocirc;ng bị đứng, giật.</p>\r\n\r\n<p>Chiếc&nbsp;<a href=\"https://www.thegioididong.com/laptop\" target=\"_blank\">laptop</a>&nbsp;<strong>Apple&nbsp;</strong>sở hữu ổ&nbsp;cứng SSD cho tốc độ khởi chạy c&aacute;c ứng dụng trong chớp mắt,&nbsp;dung lượng 128 GB l&agrave; đủ d&ugrave;ng với nhu cầu lưu trữ t&agrave;i liệu, h&igrave;nh ảnh, b&agrave;i thuyết tr&igrave;nh...</p>\r\n\r\n<p>Mẫu&nbsp;<a href=\"https://www.thegioididong.com/laptop-apple-macbook\" target=\"_blank\">Macbook</a>&nbsp;2018 c&ograve;n cho ph&eacute;p bạn c&oacute; thể sử dụng mượt m&agrave; c&aacute;c ứng dụng thiết kế chuy&ecirc;n nghiệp như Photoshop, AI,...&nbsp;</p>\r\n\r\n<p><a href=\"https://www.thegioididong.com/images/44/197305/apple-macbook-air-mree2sa-a-i5-8gb-128gb-133-gold-content-cauhinhtgdd.jpg\" onclick=\"return false;\"><img alt=\"Hiệu năng mạnh mẽ trên laptop nhỏ gọn Macbook Air MREE2SA/A (2018)\" src=\"https://cdn.tgdd.vn/Products/Images/44/197305/apple-macbook-air-mree2sa-a-i5-8gb-128gb-133-gold-content-cauhinhtgdd.jpg\" style=\"height:400px; width:640px\" /></a></p>\r\n\r\n<h3><a href=\"https://www.thegioididong.com/hoi-dap/man-hinh-retina-la-gi-905780\" target=\"_blank\">M&agrave;n h&igrave;nh Retina</a>&nbsp;độ ph&acirc;n giải cao v&agrave; sắc n&eacute;t&nbsp;</h3>\r\n\r\n<p>M&agrave;n h&igrave;nh của Macbook Air 2018 l&agrave; điểm cải tiến nổi bật nhất so với thế hệ trước. Viền m&agrave;n h&igrave;nh mỏng hơn 50% c&ugrave;ng độ ph&acirc;n giải cao 2K Retina mang lại trải nghiệm h&igrave;nh ảnh sắc n&eacute;t, ch&acirc;n thực hơn, cho bạn y&ecirc;u hơn những g&igrave; bạn thấy.&nbsp;</p>\r\n\r\n<p><a href=\"https://www.thegioididong.com/images/44/197305/apple-macbook-air-mree2sa-a-i5-8gb-128gb-133-gold-content-manhinhtgdd.jpg\" onclick=\"return false;\"><img alt=\"Màn hình retina sắc nét trên laptop nhỏ gọn Macbook Air MREE2SA/A (2018)\" src=\"https://cdn.tgdd.vn/Products/Images/44/197305/apple-macbook-air-mree2sa-a-i5-8gb-128gb-133-gold-content-manhinhtgdd.jpg\" style=\"height:400px; width:640px\" /></a></p>\r\n', '<ul>\r\n	<li>CPU:\r\n	<p><a href=\"https://www.thegioididong.com/hoi-dap/tong-hop-cac-vi-xu-ly-the-he-thu-8-cua-intel-1113697\" target=\"_blank\">Intel Core i5 Coffee Lake</a>, 1.60 GHz</p>\r\n	</li>\r\n	<li>RAM:\r\n	<p>8 GB,&nbsp;<a href=\"https://www.thegioididong.com/tin-tuc/ram-laptop-599009#ramddr3\" target=\"_blank\">DDR3</a>, 2133 MHz</p>\r\n	</li>\r\n	<li>Ổ cứng:\r\n	<p><a href=\"https://www.thegioididong.com/hoi-dap/o-cung-ssd-la-gi-923073\" target=\"_blank\">SSD: 128 GB</a></p>\r\n	</li>\r\n	<li>M&agrave;n h&igrave;nh:\r\n	<p>13.3 inch,&nbsp;<a href=\"https://www.thegioididong.com/hoi-dap/man-hinh-retina-la-gi-905780\" target=\"_blank\">Retina (2560 x 1600)</a></p>\r\n	</li>\r\n	<li>Card m&agrave;n h&igrave;nh:\r\n	<p><a href=\"https://www.thegioididong.com/hoi-dap/card-do-hoa-tich-hop-la-gi-950047\" target=\"_blank\">Card đồ họa t&iacute;ch hợp</a>, Intel UHD Graphics 617</p>\r\n	</li>\r\n	<li>Cổng kết nối:\r\n	<p><a href=\"https://www.thegioididong.com/hoi-dap/thunderbolt-3-usbc-la-gi-959274\" target=\"_blank\">2 x Thunderbolt 3 (USB-C)</a></p>\r\n	</li>\r\n	<li>Hệ điều h&agrave;nh:\r\n	<p><a href=\"https://www.thegioididong.com/hoi-dap/mac-os-la-gi-838020\" target=\"_blank\">Mac OS</a></p>\r\n	</li>\r\n	<li>Thiết kế:\r\n	<p>Vỏ kim loại nguy&ecirc;n khối, PIN liền</p>\r\n	</li>\r\n	<li>K&iacute;ch thước:\r\n	<p>D&agrave;y 4.1 đến 15.6 mm, 1.25 kg</p>\r\n	</li>\r\n</ul>\r\n', 'Cao Cấp', 100, '2019-05-24 16:44:54', 13, 0, 0, 3),
(74, 'Apple Macbook Air 128GB', 31000000, 'apple-macbook-air-mre82sa-a-i5-8gb-128gb-2018-2-600x600.jpg', '<h3>Mỏng nhẹ tựa như kh&ocirc;ng</h3>\r\n\r\n<p><a href=\"https://www.thegioididong.com/laptop/apple-macbook-air-mre82sa-a-i5-8gb-128gb-2018?fbclid=IwAR1c4IAGSkjBhBkDHmV2HOXxaH8TrmiGaJ92inX4JPE9w9hwKTipydVG5Yw\" target=\"_blank\">Macbook Air 2018 MRE82SA</a>&nbsp;mang lớp vỏ kim loại nguy&ecirc;n khối c&ugrave;ng với độ mỏng chỉ từ 4,1 mm đến 15,6 mm, điều n&agrave;y gi&uacute;p laptop ghi điểm tuyệt đối về sự sang trọng v&agrave; thời thượng, đ&acirc;y sẽ l&agrave; sự lựa chọn ho&agrave;n hảo cho những ai đang t&igrave;m kiếm sự tinh tế trong c&ocirc;ng nghệ hiện đại.</p>\r\n\r\n<p><a href=\"https://www.thegioididong.com/images/44/201560/apple-macbook-air-mre82sa-a-i5-8gb-128gb-2018-1-2.jpg\" onclick=\"return false;\"><img alt=\"Tổng thể thiết kế laptop Apple Macbook Air 128 GB Space Gray MRE82SA/A\" src=\"https://cdn.tgdd.vn/Products/Images/44/201560/apple-macbook-air-mre82sa-a-i5-8gb-128gb-2018-1-2.jpg\" style=\"height:400px; width:640px\" /></a></p>\r\n\r\n<h3>M&agrave;n h&igrave;nh Retina trứ danh</h3>\r\n\r\n<p>Macbook 2018 đ&atilde; được cải tiến mới với m&agrave;n h&igrave;nh Retina độ ph&acirc;n giải cao tạo n&ecirc;n h&igrave;nh ảnh sắc n&eacute;t v&agrave; ch&acirc;n thực hơn gấp nhiều lần so với c&aacute;c thế hệ m&aacute;y trước.&nbsp;<a href=\"https://www.thegioididong.com/laptop-apple-macbook?g=khoang-13\" target=\"_blank\">M&agrave;n h&igrave;nh 13.3 inch</a>&nbsp;c&ugrave;ng với viền m&agrave;n h&igrave;nh mỏng hơn nhiều lần cho trải nghiệm h&igrave;nh ảnh đắm ch&igrave;m v&agrave; đ&atilde; mắt hơn.</p>\r\n\r\n<p><a href=\"https://www.thegioididong.com/images/44/201560/apple-macbook-air-mre82sa-a-i5-8gb-128gb-2018-3-1.jpg\" onclick=\"return false;\"><img alt=\"Màn hình laptop Apple Macbook Air 128 GB Space Gray MRE82SA/A\" src=\"https://cdn.tgdd.vn/Products/Images/44/201560/apple-macbook-air-mre82sa-a-i5-8gb-128gb-2018-3-1.jpg\" style=\"height:400px; width:640px\" /></a></p>\r\n', '<ul>\r\n	<li>CPU:\r\n	<p><a href=\"https://www.thegioididong.com/hoi-dap/tong-hop-cac-vi-xu-ly-the-he-thu-8-cua-intel-1113697\" target=\"_blank\">Intel Core i5 Coffee Lake</a>, 1.60 GHz</p>\r\n	</li>\r\n	<li>RAM:\r\n	<p>8 GB,&nbsp;<a href=\"https://www.thegioididong.com/tin-tuc/ram-laptop-599009#ramddr3\" target=\"_blank\">DDR3</a>, 2133 MHz</p>\r\n	</li>\r\n	<li>Ổ cứng:\r\n	<p><a href=\"https://www.thegioididong.com/hoi-dap/o-cung-ssd-la-gi-923073\" target=\"_blank\">SSD: 128 GB</a></p>\r\n	</li>\r\n	<li>M&agrave;n h&igrave;nh:\r\n	<p>13.3 inch,&nbsp;<a href=\"https://www.thegioididong.com/hoi-dap/man-hinh-retina-la-gi-905780\" target=\"_blank\">Retina (2560 x 1600)</a></p>\r\n	</li>\r\n	<li>Card m&agrave;n h&igrave;nh:\r\n	<p><a href=\"https://www.thegioididong.com/hoi-dap/card-do-hoa-tich-hop-la-gi-950047\" target=\"_blank\">Card đồ họa t&iacute;ch hợp</a>, Intel UHD Graphics 617</p>\r\n	</li>\r\n	<li>Cổng kết nối:\r\n	<p><a href=\"https://www.thegioididong.com/hoi-dap/thunderbolt-3-usbc-la-gi-959274\" target=\"_blank\">2 x Thunderbolt 3 (USB-C)</a></p>\r\n	</li>\r\n	<li>Hệ điều h&agrave;nh:\r\n	<p><a href=\"https://www.thegioididong.com/hoi-dap/mac-os-la-gi-838020\" target=\"_blank\">Mac OS</a></p>\r\n	</li>\r\n	<li>Thiết kế:\r\n	<p>Vỏ kim loại nguy&ecirc;n khối, PIN liền</p>\r\n	</li>\r\n	<li>K&iacute;ch thước:\r\n	<p>D&agrave;y 4.1 đến 15.6 mm, 1.25 kg</p>\r\n	</li>\r\n</ul>\r\n', 'Cao Cấp', 100, '2019-05-24 16:47:04', 13, 0, 10, 0),
(75, 'Apple Macbook Pro', 44000000, 'apple-macbook-pro-touch-mr9q2sa-a-2018-thumb-1-600x600.jpg', '<h3>Thiết kế vỏ nh&ocirc;m nguy&ecirc;n khối cao cấp</h3>\r\n\r\n<p>L&agrave; một chiếc m&aacute;y t&iacute;nh thuộc d&ograve;ng sản phẩm cao đến từ&nbsp;<a href=\"https://www.thegioididong.com/laptop-apple-macbook\" target=\"_blank\">Apple</a>,&nbsp;Macbook Pro 13 inch 2018 được trang bị lớp vỏ nh&ocirc;m nguy&ecirc;n khối&nbsp;Unibody sang trọng, tinh tế v&agrave; chắc chắn, b&ecirc;n cạnh đ&oacute; m&aacute;y với trọng lượng chỉ 1.37 kg, người d&ugrave;ng c&oacute; thể mang m&aacute;y theo sử dụng mọi l&uacute;c mọi nơi.</p>\r\n\r\n<p><a href=\"https://www.thegioididong.com/images/44/184384/apple-macbook-pro-touch-mr9q2sa-a-2018-9.jpg\" onclick=\"return false;\"><img alt=\"Thiết kế cao cấp trên Apple Macbook Pro 2018 13 inch Touchbar MR9Q2SA \" src=\"https://cdn.tgdd.vn/Products/Images/44/184384/apple-macbook-pro-touch-mr9q2sa-a-2018-9.jpg\" style=\"height:426px; width:640px\" /></a></p>\r\n\r\n<h3>Xử l&yacute; đồ họa - kĩ thuật chuy&ecirc;n nghiệp</h3>\r\n\r\n<p>Apple Macbook Pro 2018 13 inch được trang bị một cấu h&igrave;nh mạnh mẽ với vi xử l&yacute;&nbsp;<a href=\"https://www.thegioididong.com/hoi-dap/cpu-intel-kabylake-refresh-la-gi-1017640\" target=\"_blank\">Core i5&nbsp;</a>tốc độ 2.3 GHz,&nbsp;<a href=\"https://www.thegioididong.com/hoi-dap/ram-ddr3l-on-board-la-nhu-the-nao-951049\" target=\"_blank\">8 GB RAM</a>&nbsp;v&agrave; bộ nhớ&nbsp;<a href=\"https://www.thegioididong.com/hoi-dap/o-cung-ssd-la-gi-923073\" target=\"_blank\">SSD&nbsp;256 GB</a>&nbsp;cho hiệu năng hoạt động mượt m&agrave; khi chạy đa nhiệm c&aacute;c t&aacute;c vụ th&ocirc;ng thường đến xử l&yacute; đồ họa - kĩ thuật phức tạp.</p>\r\n\r\n<p><a href=\"https://www.thegioididong.com/images/44/184384/apple-macbook-pro-touch-mr9q2sa-a-2018-11.jpg\" onclick=\"return false;\"><img alt=\"Cấu hình mạnh mẽ trên Apple Macbook Pro 2018 13 inch Touchbar MR9Q2SA\" src=\"https://cdn.tgdd.vn/Products/Images/44/184384/apple-macbook-pro-touch-mr9q2sa-a-2018-11.jpg\" style=\"height:426px; width:640px\" /></a></p>\r\n', '<ul>\r\n	<li>CPU:\r\n	<p><a href=\"https://www.thegioididong.com/hoi-dap/cpu-intel-kabylake-refresh-la-gi-1017640\" target=\"_blank\">Intel Core i5 Kabylake Refresh</a>, 2.30 GHz</p>\r\n	</li>\r\n	<li>RAM:\r\n	<p>8 GB,&nbsp;<a href=\"https://www.thegioididong.com/hoi-dap/ram-ddr3l-on-board-la-nhu-the-nao-951049\" target=\"_blank\">DDR3L(On board)</a>, 2133 MHz</p>\r\n	</li>\r\n	<li>Ổ cứng:\r\n	<p><a href=\"https://www.thegioididong.com/hoi-dap/o-cung-ssd-la-gi-923073\" target=\"_blank\">SSD: 256 GB</a></p>\r\n	</li>\r\n	<li>M&agrave;n h&igrave;nh:\r\n	<p>13.3 inch,&nbsp;<a href=\"https://www.thegioididong.com/hoi-dap/man-hinh-retina-la-gi-905780\" target=\"_blank\">Retina (2560 x 1600)</a></p>\r\n	</li>\r\n	<li>Card m&agrave;n h&igrave;nh:\r\n	<p><a href=\"https://www.thegioididong.com/hoi-dap/card-do-hoa-tich-hop-la-gi-950047\" target=\"_blank\">Card đồ họa t&iacute;ch hợp</a>, Intel Iris Plus Graphics 655</p>\r\n	</li>\r\n	<li>Cổng kết nối:\r\n	<p><a href=\"https://www.thegioididong.com/hoi-dap/thunderbolt-3-usb-c-la-gi-959274\" target=\"_blank\">4 x Thunderbolt 3 (USB-C)</a></p>\r\n	</li>\r\n	<li>Hệ điều h&agrave;nh:\r\n	<p><a href=\"https://www.thegioididong.com/hoi-dap/mac-os-la-gi-838020\" target=\"_blank\">Mac OS</a></p>\r\n	</li>\r\n	<li>Thiết kế:\r\n	<p>Vỏ kim loại nguy&ecirc;n khối, PIN liền</p>\r\n	</li>\r\n	<li>K&iacute;ch thước:\r\n	<p>D&agrave;y 14.9 mm, 1.37 kg</p>\r\n	</li>\r\n</ul>\r\n', 'Cao Cấp', 51, '2019-05-24 16:49:47', 13, 0, 5, 5),
(76, 'Laptop HP 15 da0048TU', 7600000, 'hp-15-da0048tu-4me63pa-33397-ava1-600x600.jpg', '<h3><strong>Thiết kế truyền thống</strong></h3>\r\n\r\n<p>M&aacute;y vẫn mang thiết kế truyền thống của c&aacute;c mẫu laptop phổ th&ocirc;ng kh&aacute;c với phần khung nhựa cứng c&aacute;p, bền bỉ. Tuy nhi&ecirc;n HP cũng kh&eacute;o l&eacute;o mang lại vẻ cao cấp cho chiếc laptop của m&igrave;nh bằng việc sử dụng m&agrave;u sắc v&agrave;ng đồng bắt mắt, phần k&ecirc; tay được in v&acirc;n c&aacute;ch điệu gi&uacute;p chiếc laptop tr&ocirc;ng đẹp v&agrave; thu h&uacute;t hơn.</p>\r\n\r\n<p><a href=\"https://www.thegioididong.com/images/44/177631/hp-15-da0048tu-4me63pa-1-5.jpg\" onclick=\"return false;\"><img alt=\"Thiết kết thanh lịch trên laptop giá rẻ Laptop HP 15 da0048TU N5000 \" src=\"https://cdn.tgdd.vn/Products/Images/44/177631/hp-15-da0048tu-4me63pa-1-5.jpg\" style=\"height:426px; width:640px\" /></a></p>\r\n\r\n<h3><strong>Cấu h&igrave;nh ổn định</strong></h3>\r\n\r\n<p>Sử dụng vi xử l&yacute;&nbsp;<a href=\"https://www.thegioididong.com/tin-tuc/tim-hieu-vi-xu-ly-may-tinh-cpu-intel-596066#intelpentinum\" target=\"_blank\">Intel Pentium N5000</a>&nbsp;c&ugrave;ng với 4 GB<a href=\"https://www.thegioididong.com/hoi-dap/ram-ddr4-la-gi-882173\" target=\"_blank\">&nbsp;RAM DDR4</a>&nbsp;gi&uacute;p m&aacute;y thực hiện tốt v&agrave; trơn tru c&aacute;c t&aacute;c vụ cơ bản như lướt web, xem video, chỉnh sửa ảnh cơ bản, nghe nhạc. Tuy rằng vi xử l&yacute; c&oacute; tốc độ thấp như N5000 kh&ocirc;ng ph&ugrave; hợp để chơi game nhưng n&oacute; lại c&oacute; khả năng tiết kiệm điện kh&aacute; tốt v&agrave; gi&uacute;p m&aacute;y c&oacute; một mức gi&aacute; hợp l&yacute; hơn. Nếu chỉ sử dụng những nhu cầu phổ th&ocirc;ng, bạn h&atilde;y y&ecirc;n t&acirc;m l&agrave; N5000 vẫn c&oacute; thể đ&aacute;p ứng tốt, ngo&agrave;i ra m&aacute;y c&oacute; thể chơi được một số c&aacute;c game nhẹ nh&agrave;ng kh&aacute; tốt.</p>\r\n\r\n<p><a href=\"https://www.thegioididong.com/images/44/177631/hp-15-da0048tu-4me63pa-2-4.jpg\" onclick=\"return false;\"><img alt=\"Hiệu năng ổn định trên laptop giá rẻ Laptop HP 15 da0048TU N5000 \" src=\"https://cdn.tgdd.vn/Products/Images/44/177631/hp-15-da0048tu-4me63pa-2-4.jpg\" style=\"height:426px; width:640px\" /></a></p>\r\n', '<ul>\r\n	<li>CPU:\r\n	<p><a href=\"https://www.thegioididong.com/tin-tuc/tim-hieu-vi-xu-ly-may-tinh-cpu-intel-596066#intelpentinum\" target=\"_blank\">Intel Pentium</a>, N5000, 1.10 GHz</p>\r\n	</li>\r\n	<li>RAM:\r\n	<p>4 GB,&nbsp;<a href=\"https://www.thegioididong.com/hoi-dap/ram-ddr4-la-gi-882173\" target=\"_blank\">DDR4 (1 khe)</a>, 2400 MHz</p>\r\n	</li>\r\n	<li>Ổ cứng:\r\n	<p>HDD: 500 GB SATA3</p>\r\n	</li>\r\n	<li>M&agrave;n h&igrave;nh:\r\n	<p>15.6 inch, HD (1366 x 768)</p>\r\n	</li>\r\n	<li>Card m&agrave;n h&igrave;nh:\r\n	<p><a href=\"https://www.thegioididong.com/hoi-dap/card-do-hoa-tich-hop-la-gi-950047\" target=\"_blank\">Card đồ họa t&iacute;ch hợp</a>,&nbsp;<a href=\"https://www.thegioididong.com/tin-tuc/card-do-hoa-onboard-tren-laptop-594905#intelhdgraphics\" target=\"_blank\">Intel&reg; HD Graphics</a></p>\r\n	</li>\r\n	<li>Cổng kết nối:\r\n	<p><a href=\"https://www.thegioididong.com/hoi-dap/usb-31-la-gi-926746\" target=\"_blank\">2 x USB 3.1</a>,&nbsp;<a href=\"https://www.thegioididong.com/tin-tuc/hdmi-la-gi--590061\" target=\"_blank\">HDMI</a>,&nbsp;<a href=\"https://www.thegioididong.com/hoi-dap/cho-minh-hoi-thong-so-laptop-co-nhung-cai-nay-10-743872\" target=\"_blank\">LAN (RJ45)</a>,&nbsp;<a href=\"https://www.thegioididong.com/tin-tuc/cong-giao-tiep-usb-la-gi--590168\" target=\"_blank\">USB 2.0</a></p>\r\n	</li>\r\n	<li>Hệ điều h&agrave;nh:\r\n	<p><a href=\"https://www.thegioididong.com/hoi-dap/windows-10-co-tot-khong-953411\" target=\"_blank\">Windows 10 Home SL</a></p>\r\n	</li>\r\n	<li>Thiết kế:\r\n	<p>Vỏ nhựa, PIN liền</p>\r\n	</li>\r\n	<li>K&iacute;ch thước:\r\n	<p>D&agrave;y 22.5 mm, 1.77 kg</p>\r\n	</li>\r\n</ul>\r\n', 'Trung Cấp', 100, '2019-05-24 16:52:07', 14, 0, 10, 1),
(77, 'Laptop HP 15 da0055TU i3', 10000000, 'hp-15-da0055tu-4na89pa-600x600.jpg', '<h3>Thiết kế đơn giản, cứng c&aacute;p</h3>\r\n\r\n<p>Vẫn l&agrave; sự tối giản truyền thống trong thiết kế giống như c&aacute;c laptop trong c&ugrave;ng ph&acirc;n kh&uacute;c của&nbsp;<a href=\"https://www.thegioididong.com/laptop-hp-compaq\" target=\"_blank\">HP</a>, m&aacute;y với độ d&agrave;y chỉ&nbsp;22.5 mm, c&ugrave;ng với trọng lượng 1.8 kg kh&aacute; thuận tiện mang theo sử dụng cho người d&ugrave;ng.</p>\r\n\r\n<p><a href=\"https://www.thegioididong.com/images/44/182740/hp-15-da0055tu-4na89pa-33397-thietke.jpg\" onclick=\"return false;\"><img alt=\"Thiết kế thanh lịch trên HP 15 da0055TU i3 7020U\" src=\"https://cdn.tgdd.vn/Products/Images/44/182740/hp-15-da0055tu-4na89pa-33397-thietke.jpg\" style=\"height:440px; width:640px\" /></a></p>\r\n', '<ul>\r\n	<li>CPU:\r\n	<p><a href=\"https://www.thegioididong.com/hoi-dap/bo-xu-ly-intel-core-i3-i5-i7-the-he-thu-7-952583\" target=\"_blank\">Intel Core i3 Kabylake</a>, 7020U, 2.30 GHz</p>\r\n	</li>\r\n	<li>RAM:\r\n	<p>4 GB,&nbsp;<a href=\"https://www.thegioididong.com/hoi-dap/ram-ddr4-la-gi-882173\" target=\"_blank\">DDR4 (1 khe)</a>, 2133 MHz</p>\r\n	</li>\r\n	<li>Ổ cứng:\r\n	<p><a href=\"https://www.thegioididong.com/hoi-dap/hdd-la-gi-922791\" target=\"_blank\">HDD: 1 TB</a></p>\r\n	</li>\r\n	<li>M&agrave;n h&igrave;nh:\r\n	<p>15.6 inch, HD (1366 x 768)</p>\r\n	</li>\r\n	<li>Card m&agrave;n h&igrave;nh:\r\n	<p><a href=\"https://www.thegioididong.com/hoi-dap/card-do-hoa-tich-hop-la-gi-950047\" target=\"_blank\">Card đồ họa t&iacute;ch hợp</a>,&nbsp;<a href=\"https://www.thegioididong.com/hoi-dap/intel-hd-graphics-620-co-manh-khong-953533\" target=\"_blank\">Intel&reg; HD Graphics 620</a></p>\r\n	</li>\r\n	<li>Cổng kết nối:\r\n	<p><a href=\"https://www.thegioididong.com/tin-tuc/hdmi-la-gi--590061\" target=\"_blank\">HDMI 1.4</a>,&nbsp;<a href=\"https://www.thegioididong.com/hoi-dap/usb-31-la-gi-926746\" target=\"_blank\">2 x USB 3.1</a>,&nbsp;<a href=\"https://www.thegioididong.com/hoi-dap/cho-minh-hoi-thong-so-laptop-co-nhung-cai-nay-10-743872\" target=\"_blank\">LAN (RJ45)</a>,&nbsp;<a href=\"https://www.thegioididong.com/tin-tuc/cong-giao-tiep-usb-la-gi--590168\" target=\"_blank\">USB 2.0</a></p>\r\n	</li>\r\n	<li>Hệ điều h&agrave;nh:\r\n	<p><a href=\"https://www.thegioididong.com/hoi-dap/windows-10-co-tot-khong-953411\" target=\"_blank\">Windows 10 Home SL</a></p>\r\n	</li>\r\n	<li>Thiết kế:\r\n	<p>Vỏ nhựa, PIN liền</p>\r\n	</li>\r\n	<li>K&iacute;ch thước:\r\n	<p>D&agrave;y 22.5 mm, 1.8 kg</p>\r\n	</li>\r\n</ul>\r\n', 'Trung Cấp', 100, '2019-05-24 16:53:26', 14, 0, 5, 1),
(78, 'Laptop HP 15 da0054TU i3', 11000000, 'hp-15-da0054tu-4me68pa-thumbnail-600x600.jpg', '<h3>Thiết kế sang trọng tinh tế</h3>\r\n\r\n<p>HP 15 da0054TU sở hữu thiết kế đơn giản, nhưng cũng kh&ocirc;ng k&eacute;m phần sang trọng v&agrave; tinh tế với chất liệu từ nhựa c&ugrave;ng họa tiết v&acirc;n tr&ograve;n đồng t&acirc;m đẹp mắt. M&aacute;y với độ d&agrave;y chỉ 22.5 mm c&ugrave;ng trọng lượng chỉ 1.77 kg tiện lợi cho người d&ugrave;ng mang m&aacute;y theo sử dụng.</p>\r\n\r\n<p><a href=\"https://www.thegioididong.com/images/44/177770/hp-15-da0054tu-4me68pa-33397-thietke.jpg\" onclick=\"return false;\"><img alt=\"Thiết kế thanh lịch, gọn nhẹ trên máy tính văn phòng HP 15 da0054TU i3 7020U\" src=\"https://cdn.tgdd.vn/Products/Images/44/177770/hp-15-da0054tu-4me68pa-33397-thietke.jpg\" style=\"height:440px; width:640px\" /></a></p>\r\n', '<ul>\r\n	<li>CPU:\r\n	<p><a href=\"https://www.thegioididong.com/hoi-dap/bo-xu-ly-intel-core-i3-i5-i7-the-he-thu-7-952583\" target=\"_blank\">Intel Core i3 Kabylake</a>, 7020U, 2.30 GHz</p>\r\n	</li>\r\n	<li>RAM:\r\n	<p>4 GB,&nbsp;<a href=\"https://www.thegioididong.com/hoi-dap/ram-ddr4-la-gi-882173\" target=\"_blank\">DDR4 (On board +1 khe)</a>, 2133 MHz</p>\r\n	</li>\r\n	<li>Ổ cứng:\r\n	<p>HDD: 500 GB SATA3</p>\r\n	</li>\r\n	<li>M&agrave;n h&igrave;nh:\r\n	<p>15.6 inch,&nbsp;<a href=\"https://www.thegioididong.com/hoi-dap/man-hinh-fhd-la-gi-956294\" target=\"_blank\">Full HD (1920 x 1080)</a></p>\r\n	</li>\r\n	<li>Card m&agrave;n h&igrave;nh:\r\n	<p><a href=\"https://www.thegioididong.com/hoi-dap/card-do-hoa-tich-hop-la-gi-950047\" target=\"_blank\">Card đồ họa t&iacute;ch hợp</a>,&nbsp;<a href=\"https://www.thegioididong.com/hoi-dap/intel-hd-graphics-620-co-manh-khong-953533\" target=\"_blank\">Intel&reg; HD Graphics 620</a></p>\r\n	</li>\r\n	<li>Cổng kết nối:\r\n	<p><a href=\"https://www.thegioididong.com/hoi-dap/usb-31-la-gi-926746\" target=\"_blank\">2 x USB 3.1</a>,&nbsp;<a href=\"https://www.thegioididong.com/tin-tuc/hdmi-la-gi--590061\" target=\"_blank\">HDMI</a>,&nbsp;<a href=\"https://www.thegioididong.com/hoi-dap/cho-minh-hoi-thong-so-laptop-co-nhung-cai-nay-10-743872\" target=\"_blank\">LAN (RJ45)</a>,&nbsp;<a href=\"https://www.thegioididong.com/tin-tuc/cong-giao-tiep-usb-la-gi--590168\" target=\"_blank\">USB 2.0</a></p>\r\n	</li>\r\n	<li>Hệ điều h&agrave;nh:\r\n	<p><a href=\"https://www.thegioididong.com/hoi-dap/windows-10-co-tot-khong-953411\" target=\"_blank\">Windows 10 Home SL</a></p>\r\n	</li>\r\n	<li>Thiết kế:\r\n	<p>Vỏ nhựa, PIN liền</p>\r\n	</li>\r\n	<li>K&iacute;ch thước:\r\n	<p>D&agrave;y 22.5 mm, 1.77 kg</p>\r\n	</li>\r\n</ul>\r\n', 'Trung Cấp', 54, '2019-05-24 16:55:11', 14, 0, 3, 1),
(79, 'Laptop HP Pavilion x360', 13000000, 'hp-pavilion-x360-cd1018tu-i3-8145u-4gb-1tb-14-touc-600x600.jpg', '<h2>Đặc điểm nổi bật của HP Pavilion x360 cd1018TU i3 8145U/4GB/1TB/Win10 (5HV88PA)</h2>\r\n\r\n<p><img src=\"https://cdn.tgdd.vn/Products/Images/44/200322/Slider/-slide-3.gif\" /></p>\r\n\r\n<p>Bộ sản phẩm chuẩn: S&aacute;ch hướng dẫn,Adapter sạc,Th&ugrave;ng m&aacute;y,B&uacute;t cảm ứng</p>\r\n\r\n<h2>Thỏa sức s&aacute;ng tạo, l&agrave;m việc hiệu quả, chuyển đổi nhanh ch&oacute;ng c&ugrave;ng&nbsp;<a href=\"https://www.thegioididong.com/laptop\" target=\"_blank\">Laptop</a>&nbsp;2 trong 1&nbsp;<a href=\"https://www.thegioididong.com/laptop/hp-pavilion-x360-cd1018tu-i3-8145u-4gb-1tb-14-touc\" target=\"_blank\">HP Pavilion x360 cd1018TU i3</a>, người đồng h&agrave;nh tương lai của bạn.</h2>\r\n\r\n<p>&nbsp;</p>\r\n\r\n<p>&nbsp;</p>\r\n\r\n<p>&nbsp;</p>\r\n\r\n<h3><a href=\"https://www.thegioididong.com/laptop?f=man-hinh-gap-360-do\" target=\"_blank\">Laptop 2 trong 1</a>, m&agrave;n h&igrave;nh gập xoay 360 tiện lợi</h3>\r\n\r\n<p>Chỉ cần xoay m&agrave;n h&igrave;nh ra ph&iacute;a sau v&agrave; h&ocirc; biến! Bạn đ&atilde; c&oacute; một chiếc tablet HP Pavilion! Nhờ v&agrave;o cấu tr&uacute;c bản lề linh hoạt v&agrave; chắc chắn, bạn kh&ocirc;ng cần lo ngại m&agrave;n h&igrave;nh sẽ bị lỏng lẻo khi gập nhiều lần.</p>\r\n\r\n<p><a href=\"https://www.thegioididong.com/images/44/200322/hp-pavilion-x360-cd1018tu-i3-8145u-4gb-1tb-14-touc-8-2.gif\" onclick=\"return false;\"><img alt=\"Laptop 2 trong 1 HP Pavilion x360 cd1018TU\" src=\"https://cdn.tgdd.vn/Products/Images/44/200322/hp-pavilion-x360-cd1018tu-i3-8145u-4gb-1tb-14-touc-8-2.gif\" style=\"height:400px; width:640px\" /></a></p>\r\n', '<ul>\r\n	<li>CPU:\r\n	<p><a href=\"https://www.thegioididong.com/hoi-dap/tong-hop-cac-vi-xu-ly-the-he-thu-8-cua-intel-1113697\" target=\"_blank\">Intel Core i3 Coffee Lake</a>, 8145U, 2.10 GHz</p>\r\n	</li>\r\n	<li>RAM:\r\n	<p>4 GB,&nbsp;<a href=\"https://www.thegioididong.com/hoi-dap/ram-ddr4-la-gi-882173\" target=\"_blank\">DDR4 (2 khe)</a>, 2666 MHz</p>\r\n	</li>\r\n	<li>Ổ cứng:\r\n	<p>HDD: 1 TB SATA3,&nbsp;<a href=\"https://www.thegioididong.com/hoi-dap/tim-hieu-ve-cac-chuan-toc-do-cua-o-cung-ssd-tren-1115453\" target=\"_blank\">Hỗ trợ khe cắm SSD M.2 SATA3</a></p>\r\n	</li>\r\n	<li>M&agrave;n h&igrave;nh:\r\n	<p>14 inch, HD (1366 x 768)</p>\r\n	</li>\r\n	<li>Card m&agrave;n h&igrave;nh:\r\n	<p><a href=\"https://www.thegioididong.com/hoi-dap/card-do-hoa-tich-hop-la-gi-950047\" target=\"_blank\">Card đồ họa t&iacute;ch hợp</a>,&nbsp;<a href=\"https://www.thegioididong.com/hoi-dap/intel-hd-graphics-620-co-manh-khong-953533#uhd-620\" target=\"_blank\">Intel&reg; UHD Graphics 620</a></p>\r\n	</li>\r\n	<li>Cổng kết nối:\r\n	<p><a href=\"https://www.thegioididong.com/hoi-dap/usb-31-la-gi-926746\" target=\"_blank\">2 x USB 3.1</a>,&nbsp;<a href=\"https://www.thegioididong.com/tin-tuc/hdmi-la-gi--590061\" target=\"_blank\">HDMI</a>,&nbsp;<a href=\"https://www.thegioididong.com/hoi-dap/usb-type-c-chua-n-mu-c-co-ng-ke-t-no-i-mo-i-723760\" target=\"_blank\">USB Type-C</a></p>\r\n	</li>\r\n	<li>Hệ điều h&agrave;nh:\r\n	<p><a href=\"https://www.thegioididong.com/hoi-dap/windows-10-co-tot-khong-953411\" target=\"_blank\">Windows 10 Home SL</a></p>\r\n	</li>\r\n	<li>Thiết kế:\r\n	<p>Vỏ nhựa, PIN liền</p>\r\n	</li>\r\n	<li>K&iacute;ch thước:\r\n	<p>D&agrave;y 20.5 mm, 1.66 kg</p>\r\n	</li>\r\n</ul>\r\n', 'Trung Cấp', 20, '2019-05-24 16:56:48', 14, 0, 12, 0),
(80, 'Laptop HP Envy 13', 27000000, 'hp-envy-13-ah1012tu-i7-8565u-8gb-256gb-win10-5hz1-600x600.jpg', '<h3>Thiết kế mỏng nhẹ, cuốn h&uacute;t&nbsp;</h3>\r\n\r\n<p><a href=\"https://www.thegioididong.com/laptop-hp-compaq\" target=\"_blank\">Laptop HP</a>&nbsp;Envy 13 sở hữu khung nh&ocirc;m mỏng nhẹ nhưng kh&ocirc;ng k&eacute;m phần cứng c&aacute;p. Thiết kế bản lề n&acirc;ng đột ph&aacute;, hỗ trợ g&otilde; ph&iacute;m thoải m&aacute;i v&agrave; tối ưu h&oacute;a hệ thống l&agrave;m m&aacute;t.</p>\r\n\r\n<p><a href=\"https://www.thegioididong.com/images/44/200515/hp-envy-13-ah1012tu-i7-8565u-8gb-256gb-win10-5hz1-2-1.jpg\" onclick=\"return false;\"><img alt=\"Thiết kế của laptop HP Envy 13 ah1012TU\" src=\"https://cdn.tgdd.vn/Products/Images/44/200515/hp-envy-13-ah1012tu-i7-8565u-8gb-256gb-win10-5hz1-2-1.jpg\" style=\"height:366px; width:640px\" /></a></p>\r\n', '<ul>\r\n	<li>CPU:\r\n	<p><a href=\"https://www.thegioididong.com/hoi-dap/tong-hop-cac-vi-xu-ly-the-he-thu-8-cua-intel-1113697\" target=\"_blank\">Intel Core i7 Coffee Lake</a>, 8565U, 1.80 GHz</p>\r\n	</li>\r\n	<li>RAM:\r\n	<p>8 GB,&nbsp;<a href=\"https://www.thegioididong.com/hoi-dap/ram-ddr3l-on-board-la-nhu-the-nao-951049\" target=\"_blank\">DDR3L(On board)</a>, 2133 MHz</p>\r\n	</li>\r\n	<li>Ổ cứng:\r\n	<p>SSD 256GB NVMe PCIe</p>\r\n	</li>\r\n	<li>M&agrave;n h&igrave;nh:\r\n	<p>13.3 inch,&nbsp;<a href=\"https://www.thegioididong.com/hoi-dap/man-hinh-fhd-la-gi-956294\" target=\"_blank\">Full HD (1920 x 1080)</a></p>\r\n	</li>\r\n	<li>Card m&agrave;n h&igrave;nh:\r\n	<p><a href=\"https://www.thegioididong.com/hoi-dap/card-do-hoa-tich-hop-la-gi-950047\" target=\"_blank\">Card đồ họa t&iacute;ch hợp</a>,&nbsp;<a href=\"https://www.thegioididong.com/hoi-dap/intel-hd-graphics-620-co-manh-khong-953533#uhd-620\" target=\"_blank\">Intel&reg; UHD Graphics 620</a></p>\r\n	</li>\r\n	<li>Cổng kết nối:\r\n	<p><a href=\"https://www.thegioididong.com/hoi-dap/usb-31-la-gi-926746\" target=\"_blank\">2 x USB 3.1</a>,&nbsp;<a href=\"https://www.thegioididong.com/hoi-dap/usb-type-c-chua-n-mu-c-co-ng-ke-t-no-i-mo-i-723760\" target=\"_blank\">USB Type-C</a></p>\r\n	</li>\r\n	<li>Hệ điều h&agrave;nh:\r\n	<p><a href=\"https://www.thegioididong.com/hoi-dap/windows-10-co-tot-khong-953411\" target=\"_blank\">Windows 10 Home SL</a></p>\r\n	</li>\r\n	<li>Thiết kế:\r\n	<p>Vỏ kim loại nguy&ecirc;n khối, PIN liền</p>\r\n	</li>\r\n	<li>K&iacute;ch thước:\r\n	<p>D&agrave;y 14.9 mm, 1.28 kg</p>\r\n	</li>\r\n</ul>\r\n', 'Cao Cấp', 100, '2019-05-24 16:58:08', 14, 0, 5, 1),
(81, 'Laptop Asus ZenBook', 23000000, 'asus-zenbook-ux433fa-i5-8265u-8gb-256gb-win10-a60-33397-thumb-600x600.jpg', '<h2>Đặc điểm nổi bật của Asus ZenBook UX433FA i5 8265U/8GB/256GB/Win10 (A6061T)</h2>\r\n\r\n<p><img src=\"https://cdn.tgdd.vn/Products/Images/44/197561/Slider/vi-vn-asus-zenbook-ux433fa-i5-8265u-8gb-256gb-win10-a60-slider-33397-thietke.jpg\" /></p>\r\n\r\n<p><a href=\"https://www.thegioididong.com/hoi-dap/audio-by-harman-la-gi-958471\" target=\"_blank\">T&igrave;m hiểu th&ecirc;m</a></p>\r\n\r\n<p><a href=\"https://www.thegioididong.com/hoi-dap/usb-31-la-gi-926746\" target=\"_blank\">T&igrave;m hiểu th&ecirc;m</a></p>\r\n\r\n<p>Bộ sản phẩm chuẩn: Th&ugrave;ng m&aacute;y, Adapter sạc, C&aacute;p, S&aacute;ch hướng dẫn, Bao da</p>\r\n\r\n<h2>Asus vừa cho ra mắt chiếc&nbsp;<a href=\"https://www.thegioididong.com/laptop/asus-zenbook-ux433fa-i5-8265u-8gb-256gb-win10-a60\" target=\"_blank\">laptop Asus Zenbook UX433FA i5 (A6061T)</a>&nbsp;với thiết kế cực k&igrave; sang trọng, hiện&nbsp;đại, si&ecirc;u mỏng, si&ecirc;u nhẹ gi&uacute;p thuận tiện cho việc di chuyển. Cấu h&igrave;nh mạnh mẽ&nbsp;đ&aacute;p&nbsp;ứng mượt m&agrave; c&aacute;c&nbsp;ứng dụng văn ph&ograve;ng v&agrave; xử l&yacute; tốt c&aacute;c thao t&aacute;c k&eacute;o thả cơ bản tr&ecirc;n c&aacute;c&nbsp;ứng dụng&nbsp;đồ họa sẽ l&agrave; một sự lựa chọn rất&nbsp;đ&aacute;ng&nbsp;để c&acirc;n nhắc d&agrave;nh cho kh&aacute;ch h&agrave;ng l&agrave; nh&acirc;n vi&ecirc;n văn ph&ograve;ng hoặc doanh nh&acirc;n.</h2>\r\n\r\n<p>&nbsp;</p>\r\n\r\n<p>&nbsp;</p>\r\n\r\n<p>&nbsp;</p>\r\n\r\n<p>&nbsp;</p>\r\n\r\n<h3><a href=\"https://www.thegioididong.com/laptop?g=mong-nhe-thoi-trang\" target=\"_blank\">Laptop nhỏ gọn</a>&nbsp;v&agrave; sang trọng gi&uacute;p việc&nbsp;di&nbsp;chuyển&nbsp;trở n&ecirc;n&nbsp;cực k&igrave; dễ d&agrave;ng</h3>\r\n\r\n<p><a href=\"https://www.thegioididong.com/laptop\" target=\"_blank\">Laptop</a>&nbsp;<strong>Asus Zenbook UX433FA i5 (A6061T)</strong>&nbsp;được ho&agrave;n thiện tỉ mỉ từ kim loại nguy&ecirc;n khối với&nbsp;độ d&agrave;y si&ecirc;u mỏng chỉ&nbsp;<strong>15.9mm</strong>&nbsp;mang&nbsp;đến cho sản phẩm một vẻ&nbsp;đẹp cực k&igrave; sang trọng v&agrave; hiện&nbsp;đại.</p>\r\n\r\n<p>Với trọng lượng cực nhẹ chỉ với&nbsp;<strong>1.19 kg</strong>&nbsp;gi&uacute;p cho người d&ugrave;ng c&oacute; thể di chuyển cực k&igrave; dễ d&agrave;ng v&agrave; thuận tiện c&ugrave;ng chiếc&nbsp;<a href=\"https://www.thegioididong.com/laptop-asus\" target=\"_blank\">laptop&nbsp;Asus</a>. B&ecirc;n cạnh đ&oacute;, một&nbsp;điểm nổi bật về thiết kế của sản phẩm&nbsp;đ&oacute; ch&iacute;nh l&agrave; bản lề&nbsp;<strong>ErgoLift</strong>&nbsp;tự động n&acirc;ng b&agrave;n ph&iacute;m gi&uacute;p mang lại trải nghiệm g&otilde; ph&iacute;m thoải m&aacute;i nhất&nbsp;đến người d&ugrave;ng.</p>\r\n\r\n<p><a href=\"https://www.thegioididong.com/images/44/197561/asus-zenbook-ux433fa-i5-8265u-8gb-256gb-win10-a60-33397-slider-thietketgdd.jpg\" onclick=\"return false;\"><img alt=\"Thiết kế hiện đại trên laptop nhỏ gọn Asus Zenbook UX433FA core i5 (A6061T)\" src=\"https://cdn.tgdd.vn/Products/Images/44/197561/asus-zenbook-ux433fa-i5-8265u-8gb-256gb-win10-a60-33397-slider-thietketgdd.jpg\" style=\"height:400px; width:640px\" /></a></p>\r\n', '<ul>\r\n	<li>CPU:\r\n	<p><a href=\"https://www.thegioididong.com/hoi-dap/tong-hop-cac-vi-xu-ly-the-he-thu-8-cua-intel-1113697\" target=\"_blank\">Intel Core i5 Coffee Lake</a>, 8265U, 1.60 GHz</p>\r\n	</li>\r\n	<li>RAM:\r\n	<p>8 GB, DDR3L, 2133 MHz</p>\r\n	</li>\r\n	<li>Ổ cứng:\r\n	<p>SSD 256GB NVMe PCIe</p>\r\n	</li>\r\n	<li>M&agrave;n h&igrave;nh:\r\n	<p>14 inch,&nbsp;<a href=\"https://www.thegioididong.com/hoi-dap/man-hinh-fhd-la-gi-956294\" target=\"_blank\">Full HD (1920 x 1080)</a></p>\r\n	</li>\r\n	<li>Card m&agrave;n h&igrave;nh:\r\n	<p><a href=\"https://www.thegioididong.com/hoi-dap/card-do-hoa-tich-hop-la-gi-950047\" target=\"_blank\">Card đồ họa t&iacute;ch hợp</a>,&nbsp;<a href=\"https://www.thegioididong.com/hoi-dap/intel-hd-graphics-620-co-manh-khong-953533#uhd-620\" target=\"_blank\">Intel&reg; UHD Graphics 620</a></p>\r\n	</li>\r\n	<li>Cổng kết nối:\r\n	<p><a href=\"https://www.thegioididong.com/hoi-dap/usb-31-la-gi-926746\" target=\"_blank\">USB 3.1</a>,&nbsp;<a href=\"https://www.thegioididong.com/tin-tuc/hdmi-la-gi--590061\" target=\"_blank\">HDMI</a>,&nbsp;<a href=\"https://www.thegioididong.com/tin-tuc/cong-giao-tiep-usb-la-gi--590168\" target=\"_blank\">USB 2.0</a>,&nbsp;<a href=\"https://www.thegioididong.com/hoi-dap/usb-type-c-chua-n-mu-c-co-ng-ke-t-no-i-mo-i-723760\" target=\"_blank\">USB Type-C</a></p>\r\n	</li>\r\n	<li>Hệ điều h&agrave;nh:\r\n	<p><a href=\"https://www.thegioididong.com/hoi-dap/windows-10-co-tot-khong-953411\" target=\"_blank\">Windows 10 Home SL</a></p>\r\n	</li>\r\n	<li>Thiết kế:\r\n	<p>Vỏ kim loại, PIN liền</p>\r\n	</li>\r\n	<li>K&iacute;ch thước:\r\n	<p>D&agrave;y 15.9 mm, 1.19 kg</p>\r\n	</li>\r\n</ul>\r\n', 'Cao Cấp', 55, '2019-05-24 16:59:48', 15, 0, 0, 0),
(82, 'Laptop Asus FX504GE', 22000000, 'asus-fx504ge-i5-8300h-8gb-1tb-gtx1050ti-win10-e41-thumnb-600x600.jpg', '<h3>Thiết kế mạnh mẽ đậm chất gaming</h3>\r\n\r\n<p>Sản phẩm được ho&agrave;n thiện tỉ mỉ từ nhựa với 2 m&agrave;u đỏ đen l&agrave;m chủ đạo to&aacute;t l&ecirc;n vẻ mạnh mẽ cho sản phẩm. B&ecirc;n cạnh đ&oacute;, thiết kế mặt lưng phay xước c&ugrave;ng c&aacute;c đường n&eacute;t g&oacute;c cạnh mạnh mẽ mang đến một chiếc laptop hầm hố. C&ugrave;ng với đ&oacute; l&agrave;&nbsp;trọng lượng chỉ 2,4 kg gi&uacute;p linh hoạt tối đa để bạn c&oacute; thể mang theo b&ecirc;n m&igrave;nh đến nh&agrave; bạn b&egrave; để c&ugrave;ng nhau chiến đấu.</p>\r\n\r\n<p><a href=\"https://www.thegioididong.com/images/44/197083/asus-fx504ge-i5-8300h-8gb-1tb-gtx1050ti-win10-e41-content-thietke.jpg\" onclick=\"return false;\"><img alt=\"Thiết kế mạnh mẽ trên laptop gaming Asus core i5 FX504GE (E4138T)\" src=\"https://cdn.tgdd.vn/Products/Images/44/197083/asus-fx504ge-i5-8300h-8gb-1tb-gtx1050ti-win10-e41-content-thietke.jpg\" style=\"height:355px; width:640px\" /></a></p>\r\n', '<ul>\r\n	<li>CPU:\r\n	<p><a href=\"https://www.thegioididong.com/hoi-dap/tong-hop-cac-vi-xu-ly-the-he-thu-8-cua-intel-1113697\" target=\"_blank\">Intel Core i5 Coffee Lake</a>, 8300H, 2.30 GHz</p>\r\n	</li>\r\n	<li>RAM:\r\n	<p>8 GB,&nbsp;<a href=\"https://www.thegioididong.com/hoi-dap/ram-ddr4-la-gi-882173\" target=\"_blank\">DDR4 (2 khe)</a>, 2666 MHz</p>\r\n	</li>\r\n	<li>Ổ cứng:\r\n	<p><a href=\"https://www.thegioididong.com/hoi-dap/hdd-la-gi-922791\" target=\"_blank\">HDD: 1 TB</a>,&nbsp;<a href=\"https://www.thegioididong.com/hoi-dap/tim-hieu-ve-cac-chuan-toc-do-cua-o-cung-ssd-tren-1115453\" target=\"_blank\">Hỗ trợ khe cắm SSD M.2 PCIe</a></p>\r\n	</li>\r\n	<li>M&agrave;n h&igrave;nh:\r\n	<p>15.6 inch,&nbsp;<a href=\"https://www.thegioididong.com/hoi-dap/man-hinh-fhd-la-gi-956294\" target=\"_blank\">Full HD (1920 x 1080)</a></p>\r\n	</li>\r\n	<li>Card m&agrave;n h&igrave;nh:\r\n	<p><a href=\"https://www.thegioididong.com/tin-tuc/card-do-hoa-roi-tren-laptop-594941\" target=\"_blank\">Card đồ họa rời</a>,&nbsp;<a href=\"https://www.thegioididong.com/hoi-dap/thong-tin-chi-tiet-nvidia-geforce-gtx-1050ti-1014211\" target=\"_blank\">NVIDIA GeForce GTX 1050Ti, 4GB</a></p>\r\n	</li>\r\n	<li>Cổng kết nối:\r\n	<p><a href=\"https://www.thegioididong.com/tin-tuc/hdmi-la-gi--590061\" target=\"_blank\">HDMI 1.4</a>,&nbsp;<a href=\"https://www.thegioididong.com/hoi-dap/usb-30-la-gi-926737\" target=\"_blank\">2 x USB 3.0</a>,&nbsp;<a href=\"https://www.thegioididong.com/tin-tuc/cong-giao-tiep-usb-la-gi--590168\" target=\"_blank\">USB 2.0</a></p>\r\n	</li>\r\n	<li>Hệ điều h&agrave;nh:\r\n	<p><a href=\"https://www.thegioididong.com/hoi-dap/windows-10-co-tot-khong-953411\" target=\"_blank\">Windows 10 Home SL</a></p>\r\n	</li>\r\n	<li>Thiết kế:\r\n	<p>Vỏ nhựa, PIN liền</p>\r\n	</li>\r\n	<li>K&iacute;ch thước:\r\n	<p>D&agrave;y 25 mm, 2.30 kg</p>\r\n	</li>\r\n</ul>\r\n', 'Cao Cấp', 63, '2019-05-24 17:00:58', 15, 0, 5, 2),
(83, 'Laptop Asus S430FN', 20000000, 'asus-s430fn-i5-8265u-8gb-256gb-mx150-win10-eb032t-15-600x600.jpg', '<h3>Thiết kế tạo n&ecirc;n sự kh&aacute;c biệt</h3>\r\n\r\n<p>Khi n&oacute;i đến ngoại h&igrave;nh,&nbsp;<a href=\"https://www.thegioididong.com/laptop-asus\" target=\"_blank\">laptop Asus</a>&nbsp;VivoBook S430FN EB032T ph&aacute; c&aacute;ch với t&ocirc;ng m&agrave;u s&aacute;ng mạnh mẽ, vừa sang trọng vừa năng động. Từng chi tiết được gia c&ocirc;ng tỉ mỉ, đem đến sự tinh tế từ mọi g&oacute;c nh&igrave;n. Thiết kế c&ograve;n được tối ưu để đem lại vẻ ngo&agrave;i nhỏ gọn nhất c&oacute; thể, &nbsp;mỏng chỉ 18mm v&agrave; nhẹ đến 1.4kg.</p>\r\n\r\n<p><a href=\"https://www.thegioididong.com/images/44/203075/asus-s430fn-i5-8265u-8gb-256gb-mx150-win10-eb032t-4.gif\" onclick=\"return false;\"><img alt=\"Thiết kế laptop Asus VivoBook S430FN EB032T\" src=\"https://cdn.tgdd.vn/Products/Images/44/203075/asus-s430fn-i5-8265u-8gb-256gb-mx150-win10-eb032t-4.gif\" style=\"height:419px; width:640px\" /></a></p>\r\n', '<ul>\r\n	<li>CPU:\r\n	<p><a href=\"https://www.thegioididong.com/hoi-dap/tong-hop-cac-vi-xu-ly-the-he-thu-8-cua-intel-1113697\" target=\"_blank\">Intel Core i5 Coffee Lake</a>, 8265U, 1.60 GHz</p>\r\n	</li>\r\n	<li>RAM:\r\n	<p>8 GB,&nbsp;<a href=\"https://www.thegioididong.com/hoi-dap/ram-ddr4-la-gi-882173\" target=\"_blank\">DDR4 (On board +1 khe)</a>, 2400 MHz</p>\r\n	</li>\r\n	<li>Ổ cứng:\r\n	<p>SSD: 256 GB, M.2 SATA3</p>\r\n	</li>\r\n	<li>M&agrave;n h&igrave;nh:\r\n	<p>14 inch,&nbsp;<a href=\"https://www.thegioididong.com/hoi-dap/man-hinh-fhd-la-gi-956294\" target=\"_blank\">Full HD (1920 x 1080)</a></p>\r\n	</li>\r\n	<li>Card m&agrave;n h&igrave;nh:\r\n	<p><a href=\"https://www.thegioididong.com/tin-tuc/card-do-hoa-roi-tren-laptop-594941\" target=\"_blank\">Card đồ họa rời</a>,&nbsp;<a href=\"https://www.thegioididong.com/hoi-dap/suc-manh-nvidia-mx150-tan-binh-de-doa-cuu-binh-1043287\" target=\"_blank\">NVIDIA Geforce MX150, 2GB</a></p>\r\n	</li>\r\n	<li>Cổng kết nối:\r\n	<p><a href=\"https://www.thegioididong.com/tin-tuc/cong-giao-tiep-usb-la-gi--590168\" target=\"_blank\">2 x USB 2.0</a>,&nbsp;<a href=\"https://www.thegioididong.com/hoi-dap/usb-31-la-gi-926746\" target=\"_blank\">USB 3.1</a>,&nbsp;<a href=\"https://www.thegioididong.com/tin-tuc/hdmi-la-gi--590061\" target=\"_blank\">HDMI</a>,&nbsp;<a href=\"https://www.thegioididong.com/hoi-dap/usb-type-c-chua-n-mu-c-co-ng-ke-t-no-i-mo-i-723760\" target=\"_blank\">USB Type-C</a></p>\r\n	</li>\r\n	<li>Hệ điều h&agrave;nh:\r\n	<p><a href=\"https://www.thegioididong.com/hoi-dap/windows-10-co-tot-khong-953411\" target=\"_blank\">Windows 10 Home SL</a></p>\r\n	</li>\r\n	<li>Thiết kế:\r\n	<p>Vỏ kim loại, PIN liền</p>\r\n	</li>\r\n	<li>K&iacute;ch thước:\r\n	<p>D&agrave;y 18 mm, 1.4 kg</p>\r\n	</li>\r\n</ul>\r\n', 'Cao Cấp', 100, '2019-05-24 17:02:16', 15, 0, 0, 0),
(84, 'Laptop Asus X507MA', 7000000, 'asus-x507ma-n4000-4gb-256gb-win10-br318t-9-600x600.jpg', '<h3>Khởi động v&agrave; mở ứng dụng cực nhanh với ổ cứng SSD</h3>\r\n\r\n<p>Mặc g&igrave; nằm ở ph&acirc;n kh&uacute;c b&igrave;nh d&acirc;n,&nbsp;<a href=\"https://www.thegioididong.com/laptop-asus\" target=\"_blank\">Laptop Asus</a>&nbsp;X507MA vẫn được trang bị ổ cứng&nbsp;<strong>SSD 256 GB.</strong>&nbsp;Ch&iacute;nh nhờ ổ cứng n&agrave;y m&agrave; c&aacute;c thao t&aacute;c tắt mở m&aacute;y diễn ra nhanh hơn v&agrave; c&aacute;c phần mềm ứng dụng chạy nhanh, mượt m&agrave; hơn.</p>\r\n\r\n<p>Vi xử l&yacute; Intel&nbsp;<strong>Celeron N4000</strong>&nbsp;c&ugrave;ng 4 GB RAM cho khả năng xử l&yacute; tốt c&aacute;c t&aacute;c vụ Excel, soạn thảo văn bản, thuyết tr&igrave;nh... Thử nghiệm mở&nbsp;<strong>20 tab Chrome</strong>&nbsp;c&ugrave;ng l&uacute;c m&aacute;y vẫn hoạt động ổn. M&aacute;y cũng c&oacute; thể chạy được Photoshop để&nbsp;<strong>chỉnh sửa ảnh đơn giản</strong>, tuy nhi&ecirc;n c&aacute;c t&aacute;c vụ phức tạp v&agrave; cần xử l&yacute; nhiều hơn th&igrave; m&aacute;y bắt đầu c&oacute; t&igrave;nh trạng đuối sức.</p>\r\n\r\n<p><a href=\"https://www.thegioididong.com/images/44/200505/asus-x507ma-n4000-4gb-256gb-win10-br318t-4.jpg\" onclick=\"return false;\"><img alt=\"Máy tính xách tay  Asus X507MA (BR318T) có hiệu năng khá\" src=\"https://cdn.tgdd.vn/Products/Images/44/200505/asus-x507ma-n4000-4gb-256gb-win10-br318t-4.jpg\" /></a></p>\r\n', '<ul>\r\n	<li>CPU:\r\n	<p><a href=\"https://www.thegioididong.com/tin-tuc/tim-hieu-vi-xu-ly-may-tinh-cpu-intel-596066#intelceleron\" target=\"_blank\">Intel Celeron</a>, N4000, 1.10 GHz</p>\r\n	</li>\r\n	<li>RAM:\r\n	<p>4 GB,&nbsp;<a href=\"https://www.thegioididong.com/hoi-dap/ram-ddr4-la-gi-882173\" target=\"_blank\">DDR4 (1 khe)</a>, 2400 MHz</p>\r\n	</li>\r\n	<li>Ổ cứng:\r\n	<p><a href=\"https://www.thegioididong.com/hoi-dap/tim-hieu-ve-chuan-ssd-m2-986461\" target=\"_blank\">SSD: 256 GB M2</a></p>\r\n	</li>\r\n	<li>M&agrave;n h&igrave;nh:\r\n	<p>15.6 inch, HD (1366 x 768)</p>\r\n	</li>\r\n	<li>Card m&agrave;n h&igrave;nh:\r\n	<p><a href=\"https://www.thegioididong.com/hoi-dap/card-do-hoa-tich-hop-la-gi-950047\" target=\"_blank\">Card đồ họa t&iacute;ch hợp</a>, Intel&reg; UHD Graphics 600</p>\r\n	</li>\r\n	<li>Cổng kết nối:\r\n	<p><a href=\"https://www.thegioididong.com/hoi-dap/usb-30-la-gi-926737\" target=\"_blank\">2 x USB 3.0</a>,&nbsp;<a href=\"https://www.thegioididong.com/tin-tuc/hdmi-la-gi--590061\" target=\"_blank\">HDMI</a>,&nbsp;<a href=\"https://www.thegioididong.com/tin-tuc/cong-giao-tiep-usb-la-gi--590168\" target=\"_blank\">USB 2.0</a></p>\r\n	</li>\r\n	<li>Hệ điều h&agrave;nh:\r\n	<p><a href=\"https://www.thegioididong.com/hoi-dap/windows-10-co-tot-khong-953411\" target=\"_blank\">Windows 10 Home SL</a></p>\r\n	</li>\r\n	<li>Thiết kế:\r\n	<p>Vỏ nhựa, PIN liền</p>\r\n	</li>\r\n	<li>K&iacute;ch thước:\r\n	<p>D&agrave;y 21.9 mm, 1.75 kg</p>\r\n	</li>\r\n</ul>\r\n', 'Trung Cấp', 100, '2019-05-24 17:03:31', 15, 0, 10, 2),
(85, 'Laptop Asus X407UA', 10000000, 'asus-x407ua-bv351t-450-600x600.jpg', '<h3>Thiết kế h&agrave;i ho&agrave;, dễ di chuyển</h3>\r\n\r\n<p>Laptop Asus X407UA (BV351T) được thiết kế đơn giản nhưng vẫn rất tinh tế với chất liệu vỏ nhựa giả kim loại ở mặt lưng. C&aacute;c cạnh được bo cong với độ d&agrave;y m&aacute;y chỉ 21.9 mm đi c&ugrave;ng trọng lượng 1.5 kg, đ&acirc;y l&agrave; mẫu&nbsp;<a href=\"https://www.thegioididong.com/laptop?g=mong-nhe-thoi-trang\" target=\"_blank\">laptop nhỏ gọn</a>, tiện lợi bỏ v&agrave;o ba l&ocirc;, va li mang theo đến lớp, đi du lịch.&nbsp;</p>\r\n\r\n<p><a href=\"https://www.thegioididong.com/images/44/190014/asus-x407ua-bv351t-thietke.jpg\" onclick=\"return false;\"><img alt=\"Thiết kết trang nhã trên laptop nhỏ gọn Asus X407UA i3 7020U (BV351T)\" src=\"https://cdn.tgdd.vn/Products/Images/44/190014/asus-x407ua-bv351t-thietke.jpg\" style=\"height:480px; width:640px\" /></a></p>\r\n', '<ul>\r\n	<li>CPU:\r\n	<p><a href=\"https://www.thegioididong.com/hoi-dap/bo-xu-ly-intel-core-i3-i5-i7-the-he-thu-7-952583\" target=\"_blank\">Intel Core i3 Kabylake</a>, 7020U, 2.30 GHz</p>\r\n	</li>\r\n	<li>RAM:\r\n	<p>4 GB,&nbsp;<a href=\"https://www.thegioididong.com/hoi-dap/ram-ddr4-la-gi-882173\" target=\"_blank\">DDR4 (1 khe)</a>, 2133 MHz</p>\r\n	</li>\r\n	<li>Ổ cứng:\r\n	<p><a href=\"https://www.thegioididong.com/hoi-dap/hdd-la-gi-922791\" target=\"_blank\">HDD: 1 TB</a>,&nbsp;<a href=\"https://www.thegioididong.com/hoi-dap/tim-hieu-ve-chuan-ssd-m2-986461\" target=\"_blank\">Hỗ trợ khe cắm SSD M.2</a></p>\r\n	</li>\r\n	<li>M&agrave;n h&igrave;nh:\r\n	<p>14 inch, HD (1366 x 768)</p>\r\n	</li>\r\n	<li>Card m&agrave;n h&igrave;nh:\r\n	<p><a href=\"https://www.thegioididong.com/hoi-dap/card-do-hoa-tich-hop-la-gi-950047\" target=\"_blank\">Card đồ họa t&iacute;ch hợp</a>,&nbsp;<a href=\"https://www.thegioididong.com/hoi-dap/intel-hd-graphics-620-co-manh-khong-953533\" target=\"_blank\">Intel&reg; HD Graphics 620</a></p>\r\n	</li>\r\n	<li>Cổng kết nối:\r\n	<p><a href=\"https://www.thegioididong.com/tin-tuc/hdmi-la-gi--590061\" target=\"_blank\">HDMI</a>,&nbsp;<a href=\"https://www.thegioididong.com/tin-tuc/cong-giao-tiep-usb-la-gi--590168\" target=\"_blank\">USB 2.0</a>,&nbsp;<a href=\"https://www.thegioididong.com/hoi-dap/usb-30-la-gi-926737\" target=\"_blank\">USB 3.0</a></p>\r\n	</li>\r\n	<li>Hệ điều h&agrave;nh:\r\n	<p><a href=\"https://www.thegioididong.com/hoi-dap/windows-10-co-tot-khong-953411\" target=\"_blank\">Windows 10 Home SL</a></p>\r\n	</li>\r\n	<li>Thiết kế:\r\n	<p>Vỏ nhựa, PIN liền</p>\r\n	</li>\r\n	<li>K&iacute;ch thước:\r\n	<p>D&agrave;y 21.9 mm, 1.5 kg</p>\r\n	</li>\r\n</ul>\r\n', 'Trung Cấp', 88, '2019-05-24 17:04:43', 15, 0, 5, 0);
INSERT INTO `sanpham` (`maSanPham`, `tenSanPham`, `giaSanPham`, `hinhAnhSanPham`, `moTaSanPham`, `chiTietSanPham`, `loaiSanPham`, `soLuongSanPham`, `ngayTaoSanPham`, `maDanhMuc_S`, `view`, `sale`, `luotxem`) VALUES
(86, 'Laptop Dell Inspiron 3567', 11000000, 'dell-inspiron-3576-i3-7020u-450-600x600.png', '<h3>Thiết kế đơn giản cứng c&aacute;p</h3>\r\n\r\n<p>M&aacute;y t&iacute;nh&nbsp;Dell Inspiron 3567 mang tr&ecirc;n m&igrave;nh vẻ ngo&agrave;i với thiết kế giống những laptop kh&aacute;c trong c&ugrave;ng ph&acirc;n kh&uacute;c với chất liệu nhựa kết hợp t&ocirc;ng m&agrave;u đen mang đến sự cứng c&aacute;p, chắc chắn. Trọng lượng của m&aacute;y kh&ocirc;ng qu&aacute; nặng chỉ v&agrave;o khoảng 2.3 kg, người d&ugrave;ng vẫn c&oacute; thể mang m&aacute;y theo sử dụng mọi nơi.</p>\r\n\r\n<p><a href=\"https://www.thegioididong.com/images/44/185153/dell-inspiron-3567-p63f002n67t-tgdd-tk.jpg\" onclick=\"return false;\"><img alt=\"Laptop Dell Inspiron 3576 - Thiết kế cứng cáp | Thegioididong\" src=\"https://cdn.tgdd.vn/Products/Images/44/185153/dell-inspiron-3567-p63f002n67t-tgdd-tk.jpg\" style=\"height:426px; width:640px\" /></a></p>\r\n', '<ul>\r\n	<li>CPU:\r\n	<p><a href=\"https://www.thegioididong.com/hoi-dap/bo-xu-ly-intel-core-i3-i5-i7-the-he-thu-7-952583\" target=\"_blank\">Intel Core i3 Kabylake</a>, 7020U, 2.30 GHz</p>\r\n	</li>\r\n	<li>RAM:\r\n	<p>4 GB,&nbsp;<a href=\"https://www.thegioididong.com/hoi-dap/ram-ddr4-la-gi-882173\" target=\"_blank\">DDR4 (2 khe)</a>, 2133 MHz</p>\r\n	</li>\r\n	<li>Ổ cứng:\r\n	<p><a href=\"https://www.thegioididong.com/hoi-dap/hdd-la-gi-922791\" target=\"_blank\">HDD: 1 TB</a></p>\r\n	</li>\r\n	<li>M&agrave;n h&igrave;nh:\r\n	<p>15.6 inch,&nbsp;<a href=\"https://www.thegioididong.com/hoi-dap/man-hinh-fhd-la-gi-956294\" target=\"_blank\">Full HD (1920 x 1080)</a></p>\r\n	</li>\r\n	<li>Card m&agrave;n h&igrave;nh:\r\n	<p><a href=\"https://www.thegioididong.com/hoi-dap/card-do-hoa-tich-hop-la-gi-950047\" target=\"_blank\">Card đồ họa t&iacute;ch hợp</a>,&nbsp;<a href=\"https://www.thegioididong.com/hoi-dap/intel-hd-graphics-620-co-manh-khong-953533\" target=\"_blank\">Intel&reg; HD Graphics 620</a></p>\r\n	</li>\r\n	<li>Cổng kết nối:\r\n	<p><a href=\"https://www.thegioididong.com/hoi-dap/usb-30-la-gi-926737\" target=\"_blank\">2 x USB 3.0</a>,&nbsp;<a href=\"https://www.thegioididong.com/tin-tuc/hdmi-la-gi--590061\" target=\"_blank\">HDMI</a>,&nbsp;<a href=\"https://www.thegioididong.com/hoi-dap/cho-minh-hoi-thong-so-laptop-co-nhung-cai-nay-10-743872\" target=\"_blank\">LAN (RJ45)</a>,&nbsp;<a href=\"https://www.thegioididong.com/tin-tuc/cong-giao-tiep-usb-la-gi--590168\" target=\"_blank\">USB 2.0</a></p>\r\n	</li>\r\n	<li>Hệ điều h&agrave;nh:\r\n	<p><a href=\"https://www.thegioididong.com/hoi-dap/windows-10-co-tot-khong-953411\" target=\"_blank\">Windows 10 Home SL</a></p>\r\n	</li>\r\n	<li>Thiết kế:\r\n	<p>Vỏ nhựa, PIN rời</p>\r\n	</li>\r\n	<li>K&iacute;ch thước:\r\n	<p>D&agrave;y 23.65 mm, 2.3 Kg</p>\r\n	</li>\r\n</ul>\r\n', 'Trung Cấp', 55, '2019-05-24 17:06:35', 16, 0, 5, 2),
(87, 'Laptop Dell Vostro 3468', 12000000, 'dell-vostro-3468-i3-7020u-70161069-ava-600x600.jpg', '<h3>Thiết kế truyền thống</h3>\r\n\r\n<p><a href=\"https://www.thegioididong.com/laptop\" target=\"_blank\">Laptop</a>&nbsp;Dell Vostro 3468 i3 7020U c&oacute; thiết kế vỏ nhựa chắc chắn, chống b&aacute;m bụi bẩn, v&acirc;n tay, chịu lực va chạm tốt. Độ mỏng của m&aacute;y chỉ 23.4 mm v&agrave; khối lượng l&agrave; 1.76 kg n&ecirc;n rất dễ để mang m&aacute;y đi sử dụng ở nhiều nơi.</p>\r\n\r\n<p><a href=\"https://www.thegioididong.com/images/44/186375/dell-vostro-3468-i3-7020u-70161069-tgdd-tk.jpg\" onclick=\"return false;\"><img alt=\"Laptop Dell Vostro 3468 i3 7020U - Thiết kế truyền thống | Thegioididong\" src=\"https://cdn.tgdd.vn/Products/Images/44/186375/dell-vostro-3468-i3-7020u-70161069-tgdd-tk.jpg\" style=\"height:426px; width:640px\" /></a></p>\r\n', '<ul>\r\n	<li>CPU:\r\n	<p><a href=\"https://www.thegioididong.com/hoi-dap/bo-xu-ly-intel-core-i3-i5-i7-the-he-thu-7-952583\" target=\"_blank\">Intel Core i3 Kabylake</a>, 7020U, 2.30 GHz</p>\r\n	</li>\r\n	<li>RAM:\r\n	<p>4 GB,&nbsp;<a href=\"https://www.thegioididong.com/hoi-dap/ram-ddr4-la-gi-882173\" target=\"_blank\">DDR4 (2 khe)</a>, 2400 MHz</p>\r\n	</li>\r\n	<li>Ổ cứng:\r\n	<p><a href=\"https://www.thegioididong.com/hoi-dap/hdd-la-gi-922791\" target=\"_blank\">HDD: 1 TB</a></p>\r\n	</li>\r\n	<li>M&agrave;n h&igrave;nh:\r\n	<p>14 inch, HD (1366 x 768)</p>\r\n	</li>\r\n	<li>Card m&agrave;n h&igrave;nh:\r\n	<p><a href=\"https://www.thegioididong.com/hoi-dap/card-do-hoa-tich-hop-la-gi-950047\" target=\"_blank\">Card đồ họa t&iacute;ch hợp</a>,&nbsp;<a href=\"https://www.thegioididong.com/hoi-dap/intel-hd-graphics-620-co-manh-khong-953533\" target=\"_blank\">Intel&reg; HD Graphics 620</a></p>\r\n	</li>\r\n	<li>Cổng kết nối:\r\n	<p><a href=\"https://www.thegioididong.com/hoi-dap/usb-30-la-gi-926737\" target=\"_blank\">2 x USB 3.0</a>,&nbsp;<a href=\"https://www.thegioididong.com/tin-tuc/hdmi-la-gi--590061\" target=\"_blank\">HDMI</a>,&nbsp;<a href=\"https://www.thegioididong.com/hoi-dap/cho-minh-hoi-thong-so-laptop-co-nhung-cai-nay-10-743872\" target=\"_blank\">LAN (RJ45)</a>,&nbsp;<a href=\"https://www.thegioididong.com/tin-tuc/cong-giao-tiep-usb-la-gi--590168\" target=\"_blank\">USB 2.0</a>,&nbsp;<a href=\"https://www.thegioididong.com/hoi-dap/vga-la-gi-920575\" target=\"_blank\">VGA (D-Sub)</a></p>\r\n	</li>\r\n	<li>Hệ điều h&agrave;nh:\r\n	<p><a href=\"https://www.thegioididong.com/hoi-dap/windows-10-co-tot-khong-953411\" target=\"_blank\">Windows 10 Home SL</a></p>\r\n	</li>\r\n	<li>Thiết kế:\r\n	<p>Vỏ nhựa, PIN rời</p>\r\n	</li>\r\n	<li>K&iacute;ch thước:\r\n	<p>D&agrave;y 23.4 mm, 1.76kg</p>\r\n	</li>\r\n</ul>\r\n', 'Trung Cấp', 25, '2019-05-24 17:08:13', 16, 0, 0, 0),
(88, 'Laptop Dell Inspiron 3576', 15000000, 'dell-inspiron-3576-i5-8250u-70157552-600x600.jpg', '<h3>Thiết kế đơn giản, cứng c&aacute;p</h3>\r\n\r\n<p>Vẫn giữ n&eacute;t truyền thống trong thiết kế, Dell Inspiron 3576 với chất liệu nhựa c&ugrave;ng trọng lượng 2.3 kg cũng kh&ocirc;ng qu&aacute; kh&oacute; khăn trong việc mang m&aacute;y khi di chuyển.</p>\r\n\r\n<p><a href=\"https://www.thegioididong.com/images/44/175159/dell-inspiron-3576-i5-8250u-70157552-1-4.jpg\" onclick=\"return false;\"><img alt=\"Thiết kế Dell Inspiron 3576 i5\" src=\"https://cdn.tgdd.vn/Products/Images/44/175159/dell-inspiron-3576-i5-8250u-70157552-1-4.jpg\" style=\"height:426px; width:640px\" /></a></p>\r\n', '<ul>\r\n	<li>CPU:\r\n	<p><a href=\"https://www.thegioididong.com/hoi-dap/cpu-intel-kabylake-refresh-la-gi-1017640\" target=\"_blank\">Intel Core i5 Kabylake Refresh</a>, 8250U, 1.60 GHz</p>\r\n	</li>\r\n	<li>RAM:\r\n	<p>4 GB,&nbsp;<a href=\"https://www.thegioididong.com/hoi-dap/ram-ddr4-la-gi-882173\" target=\"_blank\">DDR4 (2 khe)</a>, 2400 MHz</p>\r\n	</li>\r\n	<li>Ổ cứng:\r\n	<p><a href=\"https://www.thegioididong.com/hoi-dap/hdd-la-gi-922791\" target=\"_blank\">HDD: 1 TB</a></p>\r\n	</li>\r\n	<li>M&agrave;n h&igrave;nh:\r\n	<p>15.6 inch,&nbsp;<a href=\"https://www.thegioididong.com/hoi-dap/man-hinh-fhd-la-gi-956294\" target=\"_blank\">Full HD (1920 x 1080)</a></p>\r\n	</li>\r\n	<li>Card m&agrave;n h&igrave;nh:\r\n	<p><a href=\"https://www.thegioididong.com/tin-tuc/card-do-hoa-roi-tren-laptop-594941\" target=\"_blank\">Card đồ họa rời</a>,&nbsp;<a href=\"https://www.thegioididong.com/tin-tuc/card-do-hoa-amd-la-gi-nhung-uu-diem-laptop-dung-card-nay-1037872\" target=\"_blank\">AMD Radeon 520, 2GB</a></p>\r\n	</li>\r\n	<li>Cổng kết nối:\r\n	<p><a href=\"https://www.thegioididong.com/tin-tuc/hdmi-la-gi--590061\" target=\"_blank\">HDMI 1.4</a>,&nbsp;<a href=\"https://www.thegioididong.com/hoi-dap/usb-30-la-gi-926737\" target=\"_blank\">2 x USB 3.0</a>,&nbsp;<a href=\"https://www.thegioididong.com/hoi-dap/cho-minh-hoi-thong-so-laptop-co-nhung-cai-nay-10-743872\" target=\"_blank\">LAN (RJ45)</a>,&nbsp;<a href=\"https://www.thegioididong.com/tin-tuc/cong-giao-tiep-usb-la-gi--590168\" target=\"_blank\">USB 2.0</a></p>\r\n	</li>\r\n	<li>Hệ điều h&agrave;nh:\r\n	<p><a href=\"https://www.thegioididong.com/hoi-dap/windows-10-co-tot-khong-953411\" target=\"_blank\">Windows 10 Home SL</a></p>\r\n	</li>\r\n	<li>Thiết kế:\r\n	<p>Vỏ nhựa, PIN rời</p>\r\n	</li>\r\n	<li>K&iacute;ch thước:\r\n	<p>D&agrave;y 23.65 mm, 2.3 Kg</p>\r\n	</li>\r\n</ul>\r\n', 'Trung Cấp', 88, '2019-05-24 17:09:18', 16, 0, 10, 0),
(89, 'Laptop Dell Inspiron 7373', 27000000, 'dell-inspiron-7373-i5-8250u-8gb-256gb-win10-office-450-600x600.jpg', '<h3><strong>Thiết kế nhỏ gọn v&agrave; mạnh mẽ</strong></h3>\r\n\r\n<p><a href=\"https://www.thegioididong.com/laptop/dell-inspiron-7373-i5-8250u-8gb-256gb-win10-office\" target=\"_blank\">Dell Inspiron 7373</a>&nbsp;c&oacute; 4 viền bo tr&ograve;n nhẹ v&agrave; những đường cắt kim cương sắc cạnh l&agrave;m tăng vẻ mạnh mẽ v&agrave; lịch l&atilde;m. M&aacute;y được thiết kế bằng vật liệu vỏ nh&ocirc;m nguy&ecirc;n khối, độ mỏng chỉ c&oacute;&nbsp;<strong>15.2 mm</strong>&nbsp;v&agrave; trọng lượng&nbsp;<strong>1.6 kg</strong>, kết hợp khả năng&nbsp;<a href=\"https://www.thegioididong.com/hoi-dap/laptop-man-hinh-xoay-360-do-la-gi-959279\" target=\"_blank\">xoay gập 360 độ</a>&nbsp;gi&uacute;p tăng sự linh động, tiện lợi cho người d&ugrave;ng.</p>\r\n\r\n<p><a href=\"https://www.thegioididong.com/images/44/136214/dell-inspiron-7373-i5-8250u-c3ti501ow-1.jpg\" onclick=\"return false;\"><img alt=\"Cổng kết nối đa dạng và hiện đại\" src=\"https://cdn.tgdd.vn/Products/Images/44/136214/dell-inspiron-7373-i5-8250u-c3ti501ow-1.jpg\" style=\"height:360px; width:640px\" /></a></p>\r\n', '<ul>\r\n	<li>CPU:\r\n	<p><a href=\"https://www.thegioididong.com/hoi-dap/cpu-intel-kabylake-refresh-la-gi-1017640\" target=\"_blank\">Intel Core i5 Kabylake Refresh</a>, 8250U, 1.60 GHz</p>\r\n	</li>\r\n	<li>RAM:\r\n	<p>8 GB,&nbsp;<a href=\"https://www.thegioididong.com/hoi-dap/ram-ddr4-la-gi-882173\" target=\"_blank\">DDR4 (2 khe)</a>, 2400 MHz</p>\r\n	</li>\r\n	<li>Ổ cứng:\r\n	<p><a href=\"https://www.thegioididong.com/hoi-dap/o-cung-ssd-la-gi-923073\" target=\"_blank\">SSD: 256 GB</a></p>\r\n	</li>\r\n	<li>M&agrave;n h&igrave;nh:\r\n	<p>13.3 inch,&nbsp;<a href=\"https://www.thegioididong.com/hoi-dap/man-hinh-fhd-la-gi-956294\" target=\"_blank\">Full HD (1920 x 1080)</a></p>\r\n	</li>\r\n	<li>Card m&agrave;n h&igrave;nh:\r\n	<p><a href=\"https://www.thegioididong.com/hoi-dap/card-do-hoa-tich-hop-la-gi-950047\" target=\"_blank\">Card đồ họa t&iacute;ch hợp</a>,&nbsp;<a href=\"https://www.thegioididong.com/hoi-dap/intel-hd-graphics-620-co-manh-khong-953533#uhd-620\" target=\"_blank\">Intel&reg; UHD Graphics 620</a></p>\r\n	</li>\r\n	<li>Cổng kết nối:\r\n	<p><a href=\"https://www.thegioididong.com/hoi-dap/usb-30-la-gi-926737\" target=\"_blank\">2 x USB 3.0</a>,&nbsp;<a href=\"https://www.thegioididong.com/tin-tuc/hdmi-la-gi--590061\" target=\"_blank\">HDMI</a>,&nbsp;<a href=\"https://www.thegioididong.com/hoi-dap/usb-type-c-chua-n-mu-c-co-ng-ke-t-no-i-mo-i-723760\" target=\"_blank\">USB Type-C</a></p>\r\n	</li>\r\n	<li>Hệ điều h&agrave;nh:\r\n	<p>Windows 10 + Office 365 1 năm</p>\r\n	</li>\r\n	<li>Thiết kế:\r\n	<p>Vỏ kim loại, PIN liền</p>\r\n	</li>\r\n	<li>K&iacute;ch thước:\r\n	<p>D&agrave;y 15.2 mm, 1.6 kg</p>\r\n	</li>\r\n</ul>\r\n', 'Cao Cấp', 54, '2019-05-24 17:10:33', 16, 0, 10, 1),
(90, 'Laptop Dell Inspiron 5570', 17000000, 'dell-inspiron-5570-m5i5238w-office365-dai-dien-450x300-600x600.jpg', '<h3><strong>Thiết kế tinh tế, đẳng cấp</strong></h3>\r\n\r\n<p>Tổng thể Dell Inspiron 5570 được ho&agrave;n thiện từ chất liệu vỏ nhựa nhưng nh&igrave;n kh&aacute; giống với vỏ kim loại sang trọng. M&aacute;y chỉ mỏng&nbsp;<strong>22.7 mm&nbsp;</strong>v&agrave; nặng&nbsp;<strong>2.3 kg</strong>&nbsp;cũng kh&ocirc;ng qu&aacute; kh&oacute; khăn trong việc mang m&aacute;y di chuyển.</p>\r\n\r\n<p><a href=\"https://www.thegioididong.com/images/44/162914/dell-inspiron-5570-m5i5238w-office365-33397-thietke.jpg\" onclick=\"return false;\"><img alt=\"Thiết kế mỏng, nhẹ trên Laptop Dell Inspiron 5570 i5 8250U\" src=\"https://cdn.tgdd.vn/Products/Images/44/162914/dell-inspiron-5570-m5i5238w-office365-33397-thietke.jpg\" style=\"height:480px; width:640px\" /></a></p>\r\n', '<ul>\r\n	<li>CPU:\r\n	<p><a href=\"https://www.thegioididong.com/hoi-dap/cpu-intel-kabylake-refresh-la-gi-1017640\" target=\"_blank\">Intel Core i5 Kabylake Refresh</a>, 8250U, 1.60 GHz</p>\r\n	</li>\r\n	<li>RAM:\r\n	<p>4 GB,&nbsp;<a href=\"https://www.thegioididong.com/hoi-dap/ram-ddr4-la-gi-882173\" target=\"_blank\">DDR4 (2 khe)</a>, 2400 MHz</p>\r\n	</li>\r\n	<li>Ổ cứng:\r\n	<p><a href=\"https://www.thegioididong.com/hoi-dap/hdd-la-gi-922791\" target=\"_blank\">HDD: 1 TB</a>,&nbsp;<a href=\"https://www.thegioididong.com/hoi-dap/tim-hieu-ve-cac-chuan-toc-do-cua-o-cung-ssd-tren-1115453\" target=\"_blank\">Hỗ trợ khe cắm SSD M.2 PCIe</a></p>\r\n	</li>\r\n	<li>M&agrave;n h&igrave;nh:\r\n	<p>15.6 inch,&nbsp;<a href=\"https://www.thegioididong.com/hoi-dap/man-hinh-fhd-la-gi-956294\" target=\"_blank\">Full HD (1920 x 1080)</a></p>\r\n	</li>\r\n	<li>Card m&agrave;n h&igrave;nh:\r\n	<p><a href=\"https://www.thegioididong.com/tin-tuc/card-do-hoa-roi-tren-laptop-594941\" target=\"_blank\">Card đồ họa rời</a>,&nbsp;<a href=\"https://www.thegioididong.com/tin-tuc/card-do-hoa-amd-la-gi-nhung-uu-diem-laptop-dung-card-nay-1037872\" target=\"_blank\">AMD Radeon 530, 2 GB</a></p>\r\n	</li>\r\n	<li>Cổng kết nối:\r\n	<p><a href=\"https://www.thegioididong.com/hoi-dap/usb-30-la-gi-926737\" target=\"_blank\">2 x USB 3.0</a>,&nbsp;<a href=\"https://www.thegioididong.com/tin-tuc/hdmi-la-gi--590061\" target=\"_blank\">HDMI</a>,&nbsp;<a href=\"https://www.thegioididong.com/hoi-dap/cho-minh-hoi-thong-so-laptop-co-nhung-cai-nay-10-743872\" target=\"_blank\">LAN (RJ45)</a>,&nbsp;<a href=\"https://www.thegioididong.com/tin-tuc/cong-giao-tiep-usb-la-gi--590168\" target=\"_blank\">USB 2.0</a></p>\r\n	</li>\r\n	<li>Hệ điều h&agrave;nh:\r\n	<p>Windows 10 + Office 365 1 năm</p>\r\n	</li>\r\n	<li>Thiết kế:\r\n	<p>Vỏ nhựa, PIN liền</p>\r\n	</li>\r\n	<li>K&iacute;ch thước:\r\n	<p>D&agrave;y 22.7 mm, 2.3 kg</p>\r\n	</li>\r\n</ul>\r\n', 'Cao Cấp', 100, '2019-05-24 17:11:58', 16, 0, 0, 0),
(91, 'Lenovo Ideapad 130', 8700000, 'lenovo-ideapad-130-14ikb-i3-7020u-4gb-1tb-81h6001-1-600x600.jpg', '<h3>Thiết kế đơn giản, gọn g&agrave;ng</h3>\r\n\r\n<p><a href=\"https://www.thegioididong.com/laptop-lenovo\" target=\"_blank\">Laptop Lenovo</a>&nbsp;Ideapad 130 được l&agrave;m từ chất liệu nhựa m&agrave;u đen v&acirc;n nh&aacute;m. Khối lượng nhẹ 1.6 Kg dễ d&agrave;ng cho v&agrave;o balo mang v&aacute;c khắp nơi.&nbsp;Cạnh b&ecirc;n của laptop c&oacute; trang bị khe đọc thẻ nhớ SD tiện lợi để kết nối thẻ nhớ m&aacute;y ảnh, quay phim.</p>\r\n\r\n<p><a href=\"https://www.thegioididong.com/images/44/200507/lenovo-ideapad-130-14ikb-i3-7020u-4gb-1tb-81h6001-1.gif\" onclick=\"return false;\"><img alt=\"Thiết kế đơn giản, cứng cáp trên máy tính xách tay Lenovo Ideapad 130 14IKB i3 7020U/4GB/1TB (81H60016VN)\" src=\"https://cdn.tgdd.vn/Products/Images/44/200507/lenovo-ideapad-130-14ikb-i3-7020u-4gb-1tb-81h6001-1.gif\" style=\"height:408px; width:640px\" /></a></p>\r\n', '<ul>\r\n	<li>CPU:\r\n	<p><a href=\"https://www.thegioididong.com/hoi-dap/bo-xu-ly-intel-core-i3-i5-i7-the-he-thu-7-952583\" target=\"_blank\">Intel Core i3 Kabylake</a>, 7020U, 2.30 GHz</p>\r\n	</li>\r\n	<li>RAM:\r\n	<p>4 GB,&nbsp;<a href=\"https://www.thegioididong.com/hoi-dap/ram-ddr4-la-gi-882173\" target=\"_blank\">DDR4 (2 khe)</a>, 2133 MHz</p>\r\n	</li>\r\n	<li>Ổ cứng:\r\n	<p>HDD: 1 TB SATA3</p>\r\n	</li>\r\n	<li>M&agrave;n h&igrave;nh:\r\n	<p>14 inch, HD (1366 x 768)</p>\r\n	</li>\r\n	<li>Card m&agrave;n h&igrave;nh:\r\n	<p><a href=\"https://www.thegioididong.com/hoi-dap/card-do-hoa-tich-hop-la-gi-950047\" target=\"_blank\">Card đồ họa t&iacute;ch hợp</a>,&nbsp;<a href=\"https://www.thegioididong.com/hoi-dap/intel-hd-graphics-620-co-manh-khong-953533#uhd-620\" target=\"_blank\">Intel&reg; UHD Graphics 620</a></p>\r\n	</li>\r\n	<li>Cổng kết nối:\r\n	<p><a href=\"https://www.thegioididong.com/hoi-dap/usb-30-la-gi-926737\" target=\"_blank\">2 x USB 3.0</a>,&nbsp;<a href=\"https://www.thegioididong.com/tin-tuc/hdmi-la-gi--590061\" target=\"_blank\">HDMI</a></p>\r\n	</li>\r\n	<li>Hệ điều h&agrave;nh:\r\n	<p><a href=\"https://www.thegioididong.com/hoi-dap/windows-10-co-tot-khong-953411\" target=\"_blank\">Windows 10 Home SL</a></p>\r\n	</li>\r\n	<li>Thiết kế:\r\n	<p>Vỏ nhựa, PIN liền</p>\r\n	</li>\r\n	<li>K&iacute;ch thước:\r\n	<p>D&agrave;y 18 mm, 1.54 kg</p>\r\n	</li>\r\n</ul>\r\n', 'Trung Cấp', 100, '2019-05-24 17:13:21', 17, 0, 5, 1),
(92, 'Laptop Lenovo Yoga 520', 11000000, 'lenovo-yoga-520-14ikb-i3-7130u-8080106vn-450x300.jpg', '<h3><strong>Thiết kế sang trọng</strong></h3>\r\n\r\n<p><a href=\"https://www.trananh.vn/tag/lenovo-ideapad\" target=\"_blank\">Lenovo IdeaPad&nbsp;</a>n&agrave;y l&agrave; mẫu m&aacute;y t&iacute;nh gi&aacute; th&agrave;nh hợp l&yacute; tiếp cận với nhiều người, cho n&ecirc;n m&aacute;y thiết kế trang nh&atilde; v&agrave; đầy mới mẻ, m&aacute;y d&ugrave;ng chất liệu vỏ nhựa với độ mỏng 19.9 mm ấn tượng. Th&iacute;ch hợp cho những ai mang m&aacute;y di chuyển nhiều nơi.</p>\r\n\r\n<p><a href=\"https://www.thegioididong.com/images/44/139279/lenovo-yoga-520-14ikb-i3-7130u-8080106vn-1-2.jpg\" onclick=\"return false;\"><img alt=\"Thiết kế laptop 2 trong 1 Lenovo IdeaPad Yoga 520\" src=\"https://cdn.tgdd.vn/Products/Images/44/139279/lenovo-yoga-520-14ikb-i3-7130u-8080106vn-1-2.jpg\" style=\"height:410px; width:640px\" /></a></p>\r\n', '<ul>\r\n	<li>CPU:\r\n	<p><a href=\"https://www.thegioididong.com/hoi-dap/bo-xu-ly-intel-core-i3-i5-i7-the-he-thu-7-952583\" target=\"_blank\">Intel Core i3 Kabylake</a>, 7130U, 2.70 GHz</p>\r\n	</li>\r\n	<li>RAM:\r\n	<p>4 GB,&nbsp;<a href=\"https://www.thegioididong.com/hoi-dap/ram-ddr4-la-gi-882173\" target=\"_blank\">DDR4 (1 khe)</a>, 2133 MHz</p>\r\n	</li>\r\n	<li>Ổ cứng:\r\n	<p><a href=\"https://www.thegioididong.com/hoi-dap/hdd-la-gi-922791\" target=\"_blank\">HDD: 500 GB</a></p>\r\n	</li>\r\n	<li>M&agrave;n h&igrave;nh:\r\n	<p>14 inch, HD (1366 x 768)</p>\r\n	</li>\r\n	<li>Card m&agrave;n h&igrave;nh:\r\n	<p><a href=\"https://www.thegioididong.com/hoi-dap/card-do-hoa-tich-hop-la-gi-950047\" target=\"_blank\">Card đồ họa t&iacute;ch hợp</a>,&nbsp;<a href=\"https://www.thegioididong.com/hoi-dap/intel-hd-graphics-620-co-manh-khong-953533\" target=\"_blank\">Intel&reg; HD Graphics 620</a></p>\r\n	</li>\r\n	<li>Cổng kết nối:\r\n	<p><a href=\"https://www.thegioididong.com/tin-tuc/hdmi-la-gi--590061\" target=\"_blank\">HDMI</a>,&nbsp;<a href=\"https://www.thegioididong.com/tin-tuc/cong-giao-tiep-usb-la-gi--590168\" target=\"_blank\">USB 2.0</a>,&nbsp;<a href=\"https://www.thegioididong.com/hoi-dap/usb-type-c-chua-n-mu-c-co-ng-ke-t-no-i-mo-i-723760\" target=\"_blank\">USB Type-C</a>,&nbsp;<a href=\"https://www.thegioididong.com/hoi-dap/usb-30-la-gi-926737\" target=\"_blank\">USB 3.0</a></p>\r\n	</li>\r\n	<li>Hệ điều h&agrave;nh:\r\n	<p><a href=\"https://www.thegioididong.com/hoi-dap/windows-10-co-tot-khong-953411\" target=\"_blank\">Windows 10 Home SL</a></p>\r\n	</li>\r\n	<li>Thiết kế:\r\n	<p>Vỏ nhựa, PIN liền</p>\r\n	</li>\r\n	<li>K&iacute;ch thước:\r\n	<p>D&agrave;y 19.9 mm, 1.7 kg</p>\r\n	</li>\r\n</ul>\r\n', 'Trung Cấp', 55, '2019-05-24 17:14:27', 17, 0, 10, 0),
(93, 'Lenovo Ideapad 330', 12000000, 'lenovo-ideapad-330-15ikbr-81de01kwvn-450-600x600.jpg', '<h3>Thiết kế đơn giản tinh tế</h3>\r\n\r\n<p>Lenovo Ideapad 330 15IKBR tuy được ho&agrave;n thiện từ chất liệu nhựa nhưng m&aacute;y vẫn đem lại độ cứng c&aacute;p v&agrave; chắc chắn nhất định. B&ecirc;n cạnh đ&oacute;, m&aacute;y c&oacute; độ mỏng chỉ 22.9 mm c&ugrave;ng trọng lượng l&agrave; 2.2 kg tr&ecirc;n k&iacute;ch thước 15.6 inch n&ecirc;n kh&aacute; thuận tiện cho người d&ugrave;ng di chuyển khắp nơi.</p>\r\n\r\n<p><a href=\"https://www.thegioididong.com/images/44/191992/lenovo-ideapad-330-15ikbr-81de01kwvn-tgdd-tk.jpg\" onclick=\"return false;\"><img alt=\"Lenovo Ideapad 330 15IKBR - Thiết kế tinh tế\" src=\"https://cdn.tgdd.vn/Products/Images/44/191992/lenovo-ideapad-330-15ikbr-81de01kwvn-tgdd-tk.jpg\" style=\"height:426px; width:640px\" /></a></p>\r\n', '<ul>\r\n	<li>CPU:\r\n	<p><a href=\"https://www.thegioididong.com/hoi-dap/cpu-intel-kabylake-refresh-la-gi-1017640\" target=\"_blank\">Intel Core i5 Kabylake Refresh</a>, 8250U, 1.60 GHz</p>\r\n	</li>\r\n	<li>RAM:\r\n	<p>4 GB,&nbsp;<a href=\"https://www.thegioididong.com/hoi-dap/ram-ddr4-la-gi-882173\" target=\"_blank\">DDR4 (On board +1 khe)</a>, 2400 MHz</p>\r\n	</li>\r\n	<li>Ổ cứng:\r\n	<p><a href=\"https://www.thegioididong.com/hoi-dap/hdd-la-gi-922791\" target=\"_blank\">HDD: 1 TB</a></p>\r\n	</li>\r\n	<li>M&agrave;n h&igrave;nh:\r\n	<p>15.6 inch, HD (1366 x 768)</p>\r\n	</li>\r\n	<li>Card m&agrave;n h&igrave;nh:\r\n	<p><a href=\"https://www.thegioididong.com/hoi-dap/card-do-hoa-tich-hop-la-gi-950047\" target=\"_blank\">Card đồ họa t&iacute;ch hợp</a>,&nbsp;<a href=\"https://www.thegioididong.com/hoi-dap/intel-hd-graphics-620-co-manh-khong-953533\" target=\"_blank\">Intel&reg; HD Graphics 620</a></p>\r\n	</li>\r\n	<li>Cổng kết nối:\r\n	<p><a href=\"https://www.thegioididong.com/hoi-dap/usb-30-la-gi-926737\" target=\"_blank\">2 x USB 3.0</a>,&nbsp;<a href=\"https://www.thegioididong.com/tin-tuc/hdmi-la-gi--590061\" target=\"_blank\">HDMI</a>,&nbsp;<a href=\"https://www.thegioididong.com/hoi-dap/cho-minh-hoi-thong-so-laptop-co-nhung-cai-nay-10-743872\" target=\"_blank\">LAN (RJ45)</a>,&nbsp;<a href=\"https://www.thegioididong.com/hoi-dap/usb-type-c-chua-n-mu-c-co-ng-ke-t-no-i-mo-i-723760\" target=\"_blank\">USB Type-C</a></p>\r\n	</li>\r\n	<li>Hệ điều h&agrave;nh:\r\n	<p><a href=\"https://www.thegioididong.com/hoi-dap/windows-10-co-tot-khong-953411\" target=\"_blank\">Windows 10 Home SL</a></p>\r\n	</li>\r\n	<li>Thiết kế:\r\n	<p>Vỏ nhựa, PIN liền</p>\r\n	</li>\r\n	<li>K&iacute;ch thước:\r\n	<p>D&agrave;y 22.9 mm, 2.2 Kg</p>\r\n	</li>\r\n</ul>\r\n', 'Trung Cấp', 100, '2019-05-24 17:15:33', 17, 0, 5, 0),
(94, 'Lenovo Ideapad YOGA 530', 13000000, 'laptop-lenovo-ideapad-yoga-530-14ikb-7130u-600x600.jpg', '<h3>M&agrave;n h&igrave;nh 14 inch xem phim ch&acirc;n thực v&agrave; sắc n&eacute;t</h3>\r\n\r\n<p>M&aacute;y được trang bị&nbsp;<a href=\"https://www.thegioididong.com/laptop?g=khoang-14\" target=\"_blank\">m&agrave;n h&igrave;nh 14 inch</a>, độ ph&acirc;n giải HD (1366 x 768) hiển thị sắc n&eacute;t c&aacute;c chi tiết nhỏ gi&uacute;p bạn xem phim, giải tr&iacute; ch&acirc;n thật.</p>\r\n\r\n<p><a href=\"https://www.thegioididong.com/images/44/193392/lenovo-ideapad-yoga-530-14ikb-7130u-33397-manhinhtgdd.jpg\" onclick=\"return false;\"><img alt=\"Màn hình sắc nét trên Màn hinh sắc nét trên Laptop Lenovo Ideapad YOGA 530 14IKB i3 7130U\" src=\"https://cdn.tgdd.vn/Products/Images/44/193392/lenovo-ideapad-yoga-530-14ikb-7130u-33397-manhinhtgdd.jpg\" /></a></p>\r\n', '<ul>\r\n	<li>CPU:\r\n	<p><a href=\"https://www.thegioididong.com/hoi-dap/bo-xu-ly-intel-core-i3-i5-i7-the-he-thu-7-952583\" target=\"_blank\">Intel Core i3 Kabylake</a>, 7130U, 2.70 GHz</p>\r\n	</li>\r\n	<li>RAM:\r\n	<p>4 GB,&nbsp;<a href=\"https://www.thegioididong.com/hoi-dap/ram-ddr4-la-gi-882173\" target=\"_blank\">DDR4 (1 khe)</a>, 2666 MHz</p>\r\n	</li>\r\n	<li>Ổ cứng:\r\n	<p><a href=\"https://www.thegioididong.com/hoi-dap/o-cung-ssd-la-gi-923073\" target=\"_blank\">SSD: 128 GB</a></p>\r\n	</li>\r\n	<li>M&agrave;n h&igrave;nh:\r\n	<p>14 inch, HD (1366 x 768)</p>\r\n	</li>\r\n	<li>Card m&agrave;n h&igrave;nh:\r\n	<p><a href=\"https://www.thegioididong.com/hoi-dap/card-do-hoa-tich-hop-la-gi-950047\" target=\"_blank\">Card đồ họa t&iacute;ch hợp</a>,&nbsp;<a href=\"https://www.thegioididong.com/hoi-dap/intel-hd-graphics-620-co-manh-khong-953533#uhd-620\" target=\"_blank\">Intel&reg; UHD Graphics 620</a></p>\r\n	</li>\r\n	<li>Cổng kết nối:\r\n	<p><a href=\"https://www.thegioididong.com/hoi-dap/usb-30-la-gi-926737\" target=\"_blank\">2 x USB 3.0</a>,&nbsp;<a href=\"https://www.thegioididong.com/tin-tuc/hdmi-la-gi--590061\" target=\"_blank\">HDMI</a>,&nbsp;<a href=\"https://www.thegioididong.com/hoi-dap/usb-type-c-chua-n-mu-c-co-ng-ke-t-no-i-mo-i-723760\" target=\"_blank\">USB Type-C</a></p>\r\n	</li>\r\n	<li>Hệ điều h&agrave;nh:\r\n	<p><a href=\"https://www.thegioididong.com/hoi-dap/windows-10-co-tot-khong-953411\" target=\"_blank\">Windows 10 Home SL</a></p>\r\n	</li>\r\n	<li>Thiết kế:\r\n	<p>Vỏ nhựa, PIN liền</p>\r\n	</li>\r\n	<li>K&iacute;ch thước:\r\n	<p>D&agrave;y 6.5 mm, 2.3kg</p>\r\n	</li>\r\n</ul>\r\n', 'Trung Cấp', 100, '2019-05-24 17:16:38', 17, 0, 10, 0),
(95, 'Lenovo Ideapad 530S', 21000000, 'lenovo-ideapad-530s-14ikb-i7-8550u-8gb-256gb-win10-33397-thumb-600x600.jpg', '<h3>Thiết kế&nbsp;<a href=\"https://www.thegioididong.com/laptop?g=mong-nhe-thoi-trang\" target=\"_blank\">mỏng nhẹ, trang nh&atilde;</a></h3>\r\n\r\n<p><a href=\"https://www.thegioididong.com/laptop\" target=\"_blank\">M&aacute;y t&iacute;nh x&aacute;ch tay</a>&nbsp;<strong>Lenovo Ideapad 530S (81EU00P5VN)</strong>&nbsp;được gia c&ocirc;ng mỉ từ chất liệu nhựa, c&ugrave;ng với 4 g&oacute;c được bo tr&ograve;n nhẹ, tạo n&ecirc;n một sự thanh lịch, trang nh&atilde;. B&ecirc;n cạnh&nbsp;đ&oacute; l&agrave; một thiết kế mỏng nhẹ với trọng lượng chỉ 1.54Kg, gi&uacute;p cho người d&ugrave;ng c&oacute; thể dễ d&agrave;ng mang theo laptop đến bất k&igrave; đ&acirc;u m&agrave; kh&ocirc;ng cảm thấy mệt mỏi.</p>\r\n\r\n<h3><a href=\"https://www.thegioididong.com/images/44/198795/lenovo-ideapad-530s-14ikb-i7-8550u-8gb-256gb-win10-content-33397-thietketgdd.jpg\" onclick=\"return false;\"><img alt=\"Thiết kế mỏng nhẹ trên Laptop văn phòng Lenovo Ideapad 530S 14IKB i7 (81EU00P5VN)\" src=\"https://cdn.tgdd.vn/Products/Images/44/198795/lenovo-ideapad-530s-14ikb-i7-8550u-8gb-256gb-win10-content-33397-thietketgdd.jpg\" style=\"height:400px; width:640px\" /></a></h3>\r\n', '<ul>\r\n	<li>CPU:\r\n	<p><a href=\"https://www.thegioididong.com/hoi-dap/tong-hop-cac-vi-xu-ly-the-he-thu-8-cua-intel-1113697\" target=\"_blank\">Intel Core i7 Coffee Lake</a>, 8550U, 1.80 GHz</p>\r\n	</li>\r\n	<li>RAM:\r\n	<p>8 GB,&nbsp;<a href=\"https://www.thegioididong.com/hoi-dap/ram-ddr4-la-gi-882173\" target=\"_blank\">DDR4 (1 khe)</a>, 2666 MHz</p>\r\n	</li>\r\n	<li>Ổ cứng:\r\n	<p>SSD: 256 GB, M.2 SATA3</p>\r\n	</li>\r\n	<li>M&agrave;n h&igrave;nh:\r\n	<p>14 inch,&nbsp;<a href=\"https://www.thegioididong.com/hoi-dap/man-hinh-fhd-la-gi-956294\" target=\"_blank\">Full HD (1920 x 1080)</a></p>\r\n	</li>\r\n	<li>Card m&agrave;n h&igrave;nh:\r\n	<p><a href=\"https://www.thegioididong.com/hoi-dap/card-do-hoa-tich-hop-la-gi-950047\" target=\"_blank\">Card đồ họa t&iacute;ch hợp</a>,&nbsp;<a href=\"https://www.thegioididong.com/hoi-dap/intel-hd-graphics-620-co-manh-khong-953533#uhd-620\" target=\"_blank\">Intel&reg; UHD Graphics 620</a></p>\r\n	</li>\r\n	<li>Cổng kết nối:\r\n	<p><a href=\"https://www.thegioididong.com/tin-tuc/hdmi-la-gi--590061\" target=\"_blank\">HDMI 1.4</a>,&nbsp;<a href=\"https://www.thegioididong.com/hoi-dap/usb-30-la-gi-926737\" target=\"_blank\">2 x USB 3.0</a>,&nbsp;<a href=\"https://www.thegioididong.com/hoi-dap/micro-sd-la-gi-960345\" target=\"_blank\">Micro SD</a></p>\r\n	</li>\r\n	<li>Hệ điều h&agrave;nh:\r\n	<p><a href=\"https://www.thegioididong.com/hoi-dap/windows-10-co-tot-khong-953411\" target=\"_blank\">Windows 10 Home SL</a></p>\r\n	</li>\r\n	<li>Thiết kế:\r\n	<p>Vỏ nhựa, PIN liền</p>\r\n	</li>\r\n	<li>K&iacute;ch thước:\r\n	<p>D&agrave;y 18 mm, 1.54 kg</p>\r\n	</li>\r\n</ul>\r\n', 'Cao Cấp', 100, '2019-05-24 17:17:45', 17, 0, 5, 0),
(96, 'Acer Aspire A314', 6000000, 'acer-aspire-a314-31-c2ux-nxgnssv008-ava-1-600x600.jpg', '<p>Acer Aspire A314 31 C2UX N3350 (NX.GNSSV.008)&nbsp;được trang bị cấu h&igrave;nh với RAM&nbsp;<a href=\"https://www.thegioididong.com/tin-tuc/ram-laptop-599009#ramddr3l\" target=\"_blank\">DDR3L</a>&nbsp;2 GB, ổ cứng&nbsp;<a href=\"https://www.thegioididong.com/hoi-dap/hdd-la-gi-922791\" target=\"_blank\">HDD 500 GB</a>&nbsp;cho bạn thoải m&aacute;i lưu trữ dữ liệu cần thiết.</p>\r\n\r\n<p><a href=\"https://www.thegioididong.com/images/44/170893/acer-aspire-a314-31-c2ux-nxgnssv008-cauhinh-tgdd.jpg\" onclick=\"return false;\"><img alt=\"Cấu hình máy tính văn phòng Laptop Acer Aspire A314 31 C2UX N3350\" src=\"https://cdn.tgdd.vn/Products/Images/44/170893/acer-aspire-a314-31-c2ux-nxgnssv008-cauhinh-tgdd.jpg\" style=\"height:426px; width:640px\" /></a></p>\r\n', '<ul>\r\n	<li>CPU:\r\n	<p><a href=\"https://www.thegioididong.com/tin-tuc/tim-hieu-vi-xu-ly-may-tinh-cpu-intel-596066#intelceleron\" target=\"_blank\">Intel Celeron</a>, N3350, 1.10 GHz</p>\r\n	</li>\r\n	<li>RAM:\r\n	<p>2 GB,&nbsp;<a href=\"https://www.thegioididong.com/tin-tuc/ram-laptop-599009#ramddr3l\" target=\"_blank\">DDR3L (1 khe RAM)</a>, 1600 MHz</p>\r\n	</li>\r\n	<li>Ổ cứng:\r\n	<p><a href=\"https://www.thegioididong.com/hoi-dap/hdd-la-gi-922791\" target=\"_blank\">HDD: 500 GB</a></p>\r\n	</li>\r\n	<li>M&agrave;n h&igrave;nh:\r\n	<p>14 inch, HD (1366 x 768)</p>\r\n	</li>\r\n	<li>Card m&agrave;n h&igrave;nh:\r\n	<p><a href=\"https://www.thegioididong.com/hoi-dap/card-do-hoa-tich-hop-la-gi-950047\" target=\"_blank\">Card đồ họa t&iacute;ch hợp</a>,&nbsp;<a href=\"https://www.thegioididong.com/tin-tuc/card-do-hoa-onboard-tren-laptop-594905#intelhdgraphics\" target=\"_blank\">Intel&reg; HD Graphics</a></p>\r\n	</li>\r\n	<li>Cổng kết nối:\r\n	<p><a href=\"https://www.thegioididong.com/tin-tuc/cong-giao-tiep-usb-la-gi--590168\" target=\"_blank\">2 x USB 2.0</a>,&nbsp;<a href=\"https://www.thegioididong.com/tin-tuc/hdmi-la-gi--590061\" target=\"_blank\">HDMI</a>,&nbsp;<a href=\"https://www.thegioididong.com/hoi-dap/cho-minh-hoi-thong-so-laptop-co-nhung-cai-nay-10-743872\" target=\"_blank\">LAN (RJ45)</a>,&nbsp;<a href=\"https://www.thegioididong.com/hoi-dap/usb-30-la-gi-926737\" target=\"_blank\">USB 3.0</a></p>\r\n	</li>\r\n	<li>Hệ điều h&agrave;nh:\r\n	<p><a href=\"https://www.thegioididong.com/hoi-dap/windows-10-co-tot-khong-953411\" target=\"_blank\">Windows 10 Home SL</a></p>\r\n	</li>\r\n	<li>Thiết kế:\r\n	<p>Vỏ nhựa, PIN liền</p>\r\n	</li>\r\n	<li>K&iacute;ch thước:\r\n	<p>D&agrave;y 20.15 mm, 1.6 kg</p>\r\n	</li>\r\n</ul>\r\n', 'Trung Cấp', 55, '2019-05-24 17:19:26', 18, 0, 5, 0),
(97, 'Acer Swift 5 SF5', 27000000, 'acer-swift-sf5-i7-8565u-8gb-256gb-win10-6-1-600x600.jpg', '<h3>Si&ecirc;u mỏng, si&ecirc;u nhẹ</h3>\r\n\r\n<p>Vỏ m&aacute;y l&agrave;m từ hợp kim nhẹ nhất l&agrave; Magie v&agrave; Liti gi&uacute;p sản phẩm đạt trọng lượng si&ecirc;u nhẹ: 940g. Độ mỏng của m&aacute;y v&agrave;o khoảng 14,9mm, chỉ bằng 2 chiếc iPhone 8 Plus xếp chồng l&ecirc;n nhau.</p>\r\n\r\n<p><a href=\"https://www.thegioididong.com/images/44/201237/acer-swift-sf5-i7-8565u-8gb-256gb-win10-hinh.jpg\" onclick=\"return false;\"><img alt=\"Laptop Acer Swift 5 Air Edition i7 có thiết kế đẹp\" src=\"https://cdn.tgdd.vn/Products/Images/44/201237/acer-swift-sf5-i7-8565u-8gb-256gb-win10-hinh.jpg\" style=\"height:400px; width:640px\" /></a></p>\r\n', '<ul>\r\n	<li>CPU:\r\n	<p><a href=\"https://www.thegioididong.com/hoi-dap/tong-hop-cac-vi-xu-ly-the-he-thu-8-cua-intel-1113697\" target=\"_blank\">Intel Core i7 Coffee Lake</a>, 8565U, 1.80 GHz</p>\r\n	</li>\r\n	<li>RAM:\r\n	<p>8 GB,&nbsp;<a href=\"https://www.thegioididong.com/hoi-dap/ram-ddr4-la-gi-882173\" target=\"_blank\">DDR4 (1 khe)</a>, 2133 MHz</p>\r\n	</li>\r\n	<li>Ổ cứng:\r\n	<p>SSD 256GB NVMe PCIe</p>\r\n	</li>\r\n	<li>M&agrave;n h&igrave;nh:\r\n	<p>14 inch,&nbsp;<a href=\"https://www.thegioididong.com/hoi-dap/man-hinh-fhd-la-gi-956294\" target=\"_blank\">Full HD (1920 x 1080)</a></p>\r\n	</li>\r\n	<li>Card m&agrave;n h&igrave;nh:\r\n	<p><a href=\"https://www.thegioididong.com/hoi-dap/card-do-hoa-tich-hop-la-gi-950047\" target=\"_blank\">Card đồ họa t&iacute;ch hợp</a>,&nbsp;<a href=\"https://www.thegioididong.com/hoi-dap/intel-hd-graphics-620-co-manh-khong-953533#uhd-620\" target=\"_blank\">Intel&reg; UHD Graphics 620</a></p>\r\n	</li>\r\n	<li>Cổng kết nối:\r\n	<p><a href=\"https://www.thegioididong.com/hoi-dap/usb-30-la-gi-926737\" target=\"_blank\">2 x USB 3.0</a>,&nbsp;<a href=\"https://www.thegioididong.com/tin-tuc/hdmi-la-gi--590061\" target=\"_blank\">HDMI</a>,&nbsp;<a href=\"https://www.thegioididong.com/hoi-dap/usb-type-c-chua-n-mu-c-co-ng-ke-t-no-i-mo-i-723760\" target=\"_blank\">USB Type-C</a></p>\r\n	</li>\r\n	<li>Hệ điều h&agrave;nh:\r\n	<p><a href=\"https://www.thegioididong.com/hoi-dap/windows-10-co-tot-khong-953411\" target=\"_blank\">Windows 10 Home SL</a></p>\r\n	</li>\r\n	<li>Thiết kế:\r\n	<p>Vỏ kim loại nguy&ecirc;n khối, PIN liền</p>\r\n	</li>\r\n	<li>K&iacute;ch thước:\r\n	<p>D&agrave;y 14.9 mm, 940 g</p>\r\n	</li>\r\n</ul>\r\n', 'Cao Cấp', 100, '2019-05-24 17:20:50', 18, 0, 10, 0),
(98, 'Acer Nitro 5 AN515', 24000000, 'acer-nitro-5-an515-52-70ae-q3lsv007-ava-600x600.jpg', '<h3>Vẻ ngo&agrave;i đậm chất Gaming</h3>\r\n\r\n<p>Mang tr&ecirc;n m&igrave;nh vẻ ngo&agrave;i cứng c&aacute;p, chắc chắn với mặt lưng phủ carbon được khắc lazer hầm hố, tinh xảo, độc đ&aacute;o kết hợp hai t&ocirc;ng m&agrave;u đỏ v&agrave; đen mạnh mẽ.</p>\r\n\r\n<p><a href=\"https://www.thegioididong.com/images/44/177772/acer-nitro-5-an515-52-70ae-q3lsv007-1-5.jpg\" onclick=\"return false;\"><img alt=\"Thiết kế mạnh mẽ trên laptop gaming Acer Nitro 5 AN515 52 70AE\" src=\"https://cdn.tgdd.vn/Products/Images/44/177772/acer-nitro-5-an515-52-70ae-q3lsv007-1-5.jpg\" /></a></p>\r\n', '<ul>\r\n	<li>CPU:\r\n	<p><a href=\"https://www.thegioididong.com/hoi-dap/tong-hop-cac-vi-xu-ly-the-he-thu-8-cua-intel-1113697\" target=\"_blank\">Intel Core i7 Coffee Lake</a>, 8750H, 2.20 GHz</p>\r\n	</li>\r\n	<li>RAM:\r\n	<p>8 GB,&nbsp;<a href=\"https://www.thegioididong.com/hoi-dap/ram-ddr4-la-gi-882173\" target=\"_blank\">DDR4 (2 khe)</a>, 2400 MHz</p>\r\n	</li>\r\n	<li>Ổ cứng:\r\n	<p>HDD: 1 TB SATA3,&nbsp;<a href=\"https://www.thegioididong.com/hoi-dap/tim-hieu-ve-cac-chuan-toc-do-cua-o-cung-ssd-tren-1115453\" target=\"_blank\">Hỗ trợ khe cắm SSD M.2 PCIe</a>,&nbsp;<a href=\"https://www.thegioididong.com/hoi-dap/bo-nho-intel-optane-la-gi-1096155\" target=\"_blank\">Hỗ trợ bộ nhớ Intel&reg; Optane&trade;</a></p>\r\n	</li>\r\n	<li>M&agrave;n h&igrave;nh:\r\n	<p>15.6 inch,&nbsp;<a href=\"https://www.thegioididong.com/hoi-dap/man-hinh-fhd-la-gi-956294\" target=\"_blank\">Full HD (1920 x 1080)</a></p>\r\n	</li>\r\n	<li>Card m&agrave;n h&igrave;nh:\r\n	<p><a href=\"https://www.thegioididong.com/tin-tuc/card-do-hoa-roi-tren-laptop-594941\" target=\"_blank\">Card đồ họa rời</a>,&nbsp;<a href=\"https://www.thegioididong.com/hoi-dap/thong-tin-chi-tiet-nvidia-geforce-gtx-1050ti-1014211\" target=\"_blank\">NVIDIA GeForce GTX 1050Ti, 4GB</a></p>\r\n	</li>\r\n	<li>Cổng kết nối:\r\n	<p><a href=\"https://www.thegioididong.com/tin-tuc/cong-giao-tiep-usb-la-gi--590168\" target=\"_blank\">2 x USB 2.0</a>,&nbsp;<a href=\"https://www.thegioididong.com/tin-tuc/hdmi-la-gi--590061\" target=\"_blank\">HDMI</a>,&nbsp;<a href=\"https://www.thegioididong.com/hoi-dap/cho-minh-hoi-thong-so-laptop-co-nhung-cai-nay-10-743872\" target=\"_blank\">LAN (RJ45)</a>,&nbsp;<a href=\"https://www.thegioididong.com/hoi-dap/usb-30-la-gi-926737\" target=\"_blank\">USB 3.0</a>,&nbsp;<a href=\"https://www.thegioididong.com/hoi-dap/usb-type-c-chua-n-mu-c-co-ng-ke-t-no-i-mo-i-723760\" target=\"_blank\">USB Type-C</a></p>\r\n	</li>\r\n	<li>Hệ điều h&agrave;nh:\r\n	<p><a href=\"https://www.thegioididong.com/hoi-dap/windows-10-co-tot-khong-953411\" target=\"_blank\">Windows 10 Home SL</a></p>\r\n	</li>\r\n	<li>Thiết kế:\r\n	<p>Vỏ nhựa, PIN liền</p>\r\n	</li>\r\n	<li>K&iacute;ch thước:\r\n	<p>D&agrave;y 26.75 mm, 2.42 kg</p>\r\n	</li>\r\n</ul>\r\n', 'Cao Cấp', 98, '2019-05-24 17:21:46', 18, 0, 10, 0),
(99, 'Acer Swift 5 SF5', 2350000, 'acer-swift-sf5-i5-8265u-8gb-256gb-win10-lk-thumbcopy-600x600.jpg', '<h3>Thiết kế mỏng nhẹ hơn bao giờ hết</h3>\r\n\r\n<p>D&ugrave; sở hữu k&iacute;ch cỡ 15.6 inch, nhưng nhờ chất liệu hợp kim chứa Liti, kim loại nhẹ nhất,&nbsp;<a href=\"https://www.thegioididong.com/laptop-acer\" target=\"_blank\">Acer&nbsp;</a>Swift Air Edition Core i5 8265U trở n&ecirc;n mỏng nhẹ kh&oacute; tin, 14.9mm v&agrave; 940g.</p>\r\n\r\n<p><a href=\"https://www.thegioididong.com/images/44/201236/acer-swift-sf5-i5-8265u-8gb-256gb-win10-ka.jpg\" onclick=\"return false;\"><img alt=\"Laptop Acer Swift 5 Air Edition i5 thiết kế sang trọng\" src=\"https://cdn.tgdd.vn/Products/Images/44/201236/acer-swift-sf5-i5-8265u-8gb-256gb-win10-ka.jpg\" style=\"height:400px; width:640px\" /></a></p>\r\n', '<ul>\r\n	<li>CPU:\r\n	<p><a href=\"https://www.thegioididong.com/hoi-dap/tong-hop-cac-vi-xu-ly-the-he-thu-8-cua-intel-1113697\" target=\"_blank\">Intel Core i5 Coffee Lake</a>, 8265U, 1.80 GHz</p>\r\n	</li>\r\n	<li>RAM:\r\n	<p>8 GB,&nbsp;<a href=\"https://www.thegioididong.com/hoi-dap/ram-ddr4-la-gi-882173\" target=\"_blank\">DDR4 (1 khe)</a>, 2133 MHz</p>\r\n	</li>\r\n	<li>Ổ cứng:\r\n	<p>SSD 256GB NVMe PCIe</p>\r\n	</li>\r\n	<li>M&agrave;n h&igrave;nh:\r\n	<p>14 inch,&nbsp;<a href=\"https://www.thegioididong.com/hoi-dap/man-hinh-fhd-la-gi-956294\" target=\"_blank\">Full HD (1920 x 1080)</a></p>\r\n	</li>\r\n	<li>Card m&agrave;n h&igrave;nh:\r\n	<p><a href=\"https://www.thegioididong.com/hoi-dap/card-do-hoa-tich-hop-la-gi-950047\" target=\"_blank\">Card đồ họa t&iacute;ch hợp</a>,&nbsp;<a href=\"https://www.thegioididong.com/hoi-dap/intel-hd-graphics-620-co-manh-khong-953533#uhd-620\" target=\"_blank\">Intel&reg; UHD Graphics 620</a></p>\r\n	</li>\r\n	<li>Cổng kết nối:\r\n	<p><a href=\"https://www.thegioididong.com/hoi-dap/usb-30-la-gi-926737\" target=\"_blank\">2 x USB 3.0</a>,&nbsp;<a href=\"https://www.thegioididong.com/tin-tuc/hdmi-la-gi--590061\" target=\"_blank\">HDMI</a>,&nbsp;<a href=\"https://www.thegioididong.com/hoi-dap/usb-type-c-chua-n-mu-c-co-ng-ke-t-no-i-mo-i-723760\" target=\"_blank\">USB Type-C</a></p>\r\n	</li>\r\n	<li>Hệ điều h&agrave;nh:\r\n	<p><a href=\"https://www.thegioididong.com/hoi-dap/windows-10-co-tot-khong-953411\" target=\"_blank\">Windows 10 Home SL</a></p>\r\n	</li>\r\n	<li>Thiết kế:\r\n	<p>Vỏ kim loại nguy&ecirc;n khối, PIN liền</p>\r\n	</li>\r\n	<li>K&iacute;ch thước:\r\n	<p>D&agrave;y 14.9 mm, 940 g</p>\r\n	</li>\r\n</ul>\r\n', 'Cao Cấp', 55, '2019-05-24 17:23:15', 18, 0, 5, 0),
(100, 'Acer Aspire A715', 19000000, 'acer-aspire-a715-72g-54pc-gxbsv003-4503-600x600.jpg', '<h3>Vẻ ngo&agrave;i đơn giản, đầy trang nh&atilde;</h3>\r\n\r\n<p>Được ho&agrave;n thiện chất liệu kim loại chắc chắn, bề mặt nh&ocirc;m v&acirc;n xước thời trang kết hợp đường viền Diamond Cut mạnh mẽ tạo n&ecirc;n sự ấn tượng trong thiết kế của&nbsp;<a href=\"https://www.thegioididong.com/laptop\" target=\"_blank\">laptop</a>&nbsp;Acer Aspire A715 72G.</p>\r\n\r\n<p><a href=\"https://www.thegioididong.com/images/44/177954/acer-aspire-a715-72g-54pc-gxbsv003-33397-thietketgdd.gif\" onclick=\"return false;\"><img alt=\"Thiết kế trên laptop gaming dưới 20 triệu Acer Aspire A715 72G 54PC i5 8300H\" src=\"https://cdn.tgdd.vn/Products/Images/44/177954/acer-aspire-a715-72g-54pc-gxbsv003-33397-thietketgdd.gif\" style=\"height:480px; width:640px\" /></a></p>\r\n', '<ul>\r\n	<li>CPU:\r\n	<p><a href=\"https://www.thegioididong.com/hoi-dap/tong-hop-cac-vi-xu-ly-the-he-thu-8-cua-intel-1113697\" target=\"_blank\">Intel Core i5 Coffee Lake</a>, 8300H, 2.30 GHz</p>\r\n	</li>\r\n	<li>RAM:\r\n	<p>8 GB,&nbsp;<a href=\"https://www.thegioididong.com/hoi-dap/ram-ddr4-la-gi-882173\" target=\"_blank\">DDR4 (2 khe)</a>, 2666 MHz</p>\r\n	</li>\r\n	<li>Ổ cứng:\r\n	<p>HDD: 1 TB SATA3,&nbsp;<a href=\"https://www.thegioididong.com/hoi-dap/tim-hieu-ve-cac-chuan-toc-do-cua-o-cung-ssd-tren-1115453\" target=\"_blank\">Hỗ trợ khe cắm SSD M.2 PCIe</a>,&nbsp;<a href=\"https://www.thegioididong.com/hoi-dap/bo-nho-intel-optane-la-gi-1096155\" target=\"_blank\">Hỗ trợ bộ nhớ Intel&reg; Optane&trade;</a></p>\r\n	</li>\r\n	<li>M&agrave;n h&igrave;nh:\r\n	<p>15.6 inch,&nbsp;<a href=\"https://www.thegioididong.com/hoi-dap/man-hinh-fhd-la-gi-956294\" target=\"_blank\">Full HD (1920 x 1080)</a></p>\r\n	</li>\r\n	<li>Card m&agrave;n h&igrave;nh:\r\n	<p><a href=\"https://www.thegioididong.com/tin-tuc/card-do-hoa-roi-tren-laptop-594941\" target=\"_blank\">Card đồ họa rời</a>,&nbsp;<a href=\"https://www.thegioididong.com/hoi-dap/card-do-hoa-geforce-gtx-1050-976580\" target=\"_blank\">NVIDIA GeForce GTX 1050, 4GB</a></p>\r\n	</li>\r\n	<li>Cổng kết nối:\r\n	<p><a href=\"https://www.thegioididong.com/tin-tuc/cong-giao-tiep-usb-la-gi--590168\" target=\"_blank\">2 x USB 2.0</a>,&nbsp;<a href=\"https://www.thegioididong.com/tin-tuc/hdmi-la-gi--590061\" target=\"_blank\">HDMI</a>,&nbsp;<a href=\"https://www.thegioididong.com/hoi-dap/cho-minh-hoi-thong-so-laptop-co-nhung-cai-nay-10-743872\" target=\"_blank\">LAN (RJ45)</a>,&nbsp;<a href=\"https://www.thegioididong.com/hoi-dap/usb-type-c-chua-n-mu-c-co-ng-ke-t-no-i-mo-i-723760\" target=\"_blank\">USB Type-C</a>,&nbsp;<a href=\"https://www.thegioididong.com/hoi-dap/usb-30-la-gi-926737\" target=\"_blank\">USB 3.0</a></p>\r\n	</li>\r\n	<li>Hệ điều h&agrave;nh:\r\n	<p><a href=\"https://www.thegioididong.com/hoi-dap/windows-10-co-tot-khong-953411\" target=\"_blank\">Windows 10 Home SL</a></p>\r\n	</li>\r\n	<li>Thiết kế:\r\n	<p>Vỏ kim loại, PIN liền</p>\r\n	</li>\r\n	<li>K&iacute;ch thước:\r\n	<p>D&agrave;y 23.9 mm, 2.35 kg</p>\r\n	</li>\r\n</ul>\r\n', 'Cao Cấp', 44, '2019-05-24 17:24:43', 18, 0, 4, 0),
(101, 'MSI GF63 8RD', 27000000, 'msi-gf63-8rd-221vn-thumb-600x600.jpg', '<h3>Thiết kế chuẩn laptop Gaming hiện đại, tinh tế</h3>\r\n\r\n<p>MSI GF63 8RD&nbsp;được thiết kế với chất liệu chủ đạo l&agrave; nh&ocirc;m phay xước&nbsp;v&agrave; mặt th&ocirc;ng gi&oacute; chữ X&nbsp;mang lại cho chiếc&nbsp;<a href=\"https://www.thegioididong.com/laptop?g=laptop-gaming\" target=\"_blank\">laptop&nbsp;chơi game</a>&nbsp;n&agrave;y sự c&acirc;n bằng ho&agrave;n hảo giữa thiết kế v&agrave; hiệu suất.&nbsp;D&ugrave; vậy m&aacute;y kh&aacute; mỏng nhẹ v&agrave; tinh tế với trọng lượng chỉ 1.86 kg v&agrave; k&iacute;ch thước chỉ 21.7<strong>&nbsp;</strong>mm.&nbsp;</p>\r\n\r\n<p><a href=\"https://www.thegioididong.com/images/44/187931/msi-gf63-8rd-i7-8750h-tgdd-tk.jpg\" onclick=\"return false;\"><img alt=\"Thiết kết hầm hố trên laptop gaming MSI GF63 8RD\" src=\"https://cdn.tgdd.vn/Products/Images/44/187931/msi-gf63-8rd-i7-8750h-tgdd-tk.jpg\" style=\"height:426px; width:640px\" /></a></p>\r\n', '<ul>\r\n	<li>CPU:\r\n	<p><a href=\"https://www.thegioididong.com/hoi-dap/tong-hop-cac-vi-xu-ly-the-he-thu-8-cua-intel-1113697\" target=\"_blank\">Intel Core i7 Coffee Lake</a>, 8750H, 2.20 GHz</p>\r\n	</li>\r\n	<li>RAM:\r\n	<p>8 GB,&nbsp;<a href=\"https://www.thegioididong.com/hoi-dap/ram-ddr4-la-gi-882173\" target=\"_blank\">DDR4 (2 khe)</a>, 2666 MHz</p>\r\n	</li>\r\n	<li>Ổ cứng:\r\n	<p><a href=\"https://www.thegioididong.com/hoi-dap/nhung-laptop-co-ca-o-cung-hdd-va-ssd-la-nhu-the-na-1014363\" target=\"_blank\">HDD: 1 TB + SSD: 128GB</a>,&nbsp;<a href=\"https://www.thegioididong.com/hoi-dap/tim-hieu-ve-cac-chuan-toc-do-cua-o-cung-ssd-tren-1115453\" target=\"_blank\">Hỗ trợ khe cắm SSD M.2 PCIe</a></p>\r\n	</li>\r\n	<li>M&agrave;n h&igrave;nh:\r\n	<p>15.6 inch,&nbsp;<a href=\"https://www.thegioididong.com/hoi-dap/man-hinh-fhd-la-gi-956294\" target=\"_blank\">Full HD (1920 x 1080)</a></p>\r\n	</li>\r\n	<li>Card m&agrave;n h&igrave;nh:\r\n	<p><a href=\"https://www.thegioididong.com/tin-tuc/card-do-hoa-roi-tren-laptop-594941\" target=\"_blank\">Card đồ họa rời</a>,&nbsp;<a href=\"https://www.thegioididong.com/hoi-dap/thong-tin-chi-tiet-nvidia-geforce-gtx-1050ti-1014211\" target=\"_blank\">NVIDIA GeForce GTX 1050Ti, 4GB</a></p>\r\n	</li>\r\n	<li>Cổng kết nối:\r\n	<p><a href=\"https://www.thegioididong.com/tin-tuc/hdmi-la-gi--590061\" target=\"_blank\">HDMI 1.4</a>, 3 x USB 3.1,&nbsp;<a href=\"https://www.thegioididong.com/hoi-dap/cho-minh-hoi-thong-so-laptop-co-nhung-cai-nay-10-743872\" target=\"_blank\">LAN (RJ45)</a>,&nbsp;<a href=\"https://www.thegioididong.com/hoi-dap/usb-type-c-chua-n-mu-c-co-ng-ke-t-no-i-mo-i-723760\" target=\"_blank\">USB Type-C</a></p>\r\n	</li>\r\n	<li>Hệ điều h&agrave;nh:\r\n	<p><a href=\"https://www.thegioididong.com/hoi-dap/windows-10-co-tot-khong-953411\" target=\"_blank\">Windows 10 Home SL</a></p>\r\n	</li>\r\n	<li>Thiết kế:\r\n	<p>Vỏ kim loại, PIN liền</p>\r\n	</li>\r\n	<li>K&iacute;ch thước:\r\n	<p>D&agrave;y 21.7 mm, 1.86 kg</p>\r\n	</li>\r\n</ul>\r\n', 'Cao Cấp', 100, '2019-05-24 17:26:00', 19, 0, 10, 0),
(102, 'MSI Prestige PS42', 19000000, 'msi-prestige-ps42-i5-8250u-4gb-256gb-14-win10-33397-thumb-123-600x600.jpg', '<h3>Thiết kế sang trọng, dễ d&agrave;ng di chuyển</h3>\r\n\r\n<p><a href=\"https://www.thegioididong.com/laptop?g=hoc-tap-van-phong\" target=\"_blank\">Laptop&nbsp;văn ph&ograve;ng</a>&nbsp;MSI Prestige PS42 c&oacute; vỏ m&aacute;y được l&agrave;m&nbsp; bằng hợp kim nh&ocirc;m m&agrave;u bạc ph&acirc;y xước, c&aacute;c cạnh bo cong vừa phải mang đến vẻ đẹp vừa sang trọng vừa mạnh mẽ. Độ d&agrave;y 15.9 mm v&agrave; trọng lượng chỉ 1.18kg rất ph&ugrave; hợp cho việc di chuyển h&agrave;ng ng&agrave;y đến cơ quan, gặp đối t&aacute;c.</p>\r\n\r\n<p><a href=\"https://www.thegioididong.com/images/44/194260/msi-prestige-ps42-i5-8250u-4gb-256gb-14-win10-33397-thietketgdd.jpg\" onclick=\"return false;\"><img alt=\"Thiết kế mỏng nhẹ - thời trang trên Laptop MSI Prestige PS42\" src=\"https://cdn.tgdd.vn/Products/Images/44/194260/msi-prestige-ps42-i5-8250u-4gb-256gb-14-win10-33397-thietketgdd.jpg\" style=\"height:440px; width:640px\" /></a></p>\r\n', '<ul>\r\n	<li>CPU:\r\n	<p><a href=\"https://www.thegioididong.com/hoi-dap/cpu-intel-kabylake-refresh-la-gi-1017640\" target=\"_blank\">Intel Core i5 Kabylake Refresh</a>, 8250U, 1.60 GHz</p>\r\n	</li>\r\n	<li>RAM:\r\n	<p>4 GB,&nbsp;<a href=\"https://www.thegioididong.com/hoi-dap/ram-ddr4-la-gi-882173\" target=\"_blank\">DDR4 (1 khe)</a>, 2666 MHz</p>\r\n	</li>\r\n	<li>Ổ cứng:\r\n	<p>SSD 256GB NVMe PCIe</p>\r\n	</li>\r\n	<li>M&agrave;n h&igrave;nh:\r\n	<p>14 inch,&nbsp;<a href=\"https://www.thegioididong.com/hoi-dap/man-hinh-fhd-la-gi-956294\" target=\"_blank\">Full HD (1920 x 1080)</a></p>\r\n	</li>\r\n	<li>Card m&agrave;n h&igrave;nh:\r\n	<p><a href=\"https://www.thegioididong.com/hoi-dap/card-do-hoa-tich-hop-la-gi-950047\" target=\"_blank\">Card đồ họa t&iacute;ch hợp</a>,&nbsp;<a href=\"https://www.thegioididong.com/hoi-dap/intel-hd-graphics-620-co-manh-khong-953533\" target=\"_blank\">Intel&reg; HD Graphics 620</a></p>\r\n	</li>\r\n	<li>Cổng kết nối:\r\n	<p><a href=\"https://www.thegioididong.com/hoi-dap/usb-31-la-gi-926746\" target=\"_blank\">2 x USB 3.1</a>,&nbsp;<a href=\"https://www.thegioididong.com/tin-tuc/hdmi-la-gi--590061\" target=\"_blank\">HDMI</a>,&nbsp;<a href=\"https://www.thegioididong.com/hoi-dap/usb-typec-chuan-muc-cong-ket-noi-moi-723760\" target=\"_blank\">2 x USB Type-C</a></p>\r\n	</li>\r\n	<li>Hệ điều h&agrave;nh:\r\n	<p><a href=\"https://www.thegioididong.com/hoi-dap/windows-10-co-tot-khong-953411\" target=\"_blank\">Windows 10 Home SL</a></p>\r\n	</li>\r\n	<li>Thiết kế:\r\n	<p>Vỏ kim loại nguy&ecirc;n khối, PIN liền</p>\r\n	</li>\r\n	<li>K&iacute;ch thước:\r\n	<p>D&agrave;y 15.9 mm, 1.18kg</p>\r\n	</li>\r\n</ul>\r\n', 'Cao Cấp', 51, '2019-05-24 17:27:07', 19, 0, 5, 3);

-- --------------------------------------------------------

--
-- Cấu trúc bảng cho bảng `thanhvien`
--

CREATE TABLE `thanhvien` (
  `maTaiKhoan` int(11) NOT NULL,
  `taiKhoan` varchar(250) DEFAULT NULL,
  `matKhau` varchar(250) DEFAULT NULL,
  `hoTen` varchar(250) DEFAULT NULL,
  `email` varchar(250) DEFAULT NULL,
  `diaChi` varchar(250) DEFAULT NULL,
  `soDienThoai` varchar(20) DEFAULT NULL,
  `maQuyen_S` int(11) DEFAULT '2'
) ENGINE=InnoDB DEFAULT CHARSET=utf8;

--
-- Đang đổ dữ liệu cho bảng `thanhvien`
--

INSERT INTO `thanhvien` (`maTaiKhoan`, `taiKhoan`, `matKhau`, `hoTen`, `email`, `diaChi`, `soDienThoai`, `maQuyen_S`) VALUES
(4, 'khachhang01', 'e120ea280aa50693d5568d0071456460', 'Bobby B. James', 'khachhang1@gmail.com', '2129, Melody Lane', '0251358964', 2),
(5, 'hoai97', '202cb962ac59075b964b07152d234b70', 'Nguyen V D', 'nnhoai97@gmail.com', 'Cam Ranh', '0551886328', 2),
(6, 'nguyenvanc', '4297f44b13955235245b2497399d7a93', 'nguyen van c', 'nnhoai97@gmail.com7', 'Nha Trang', '54851213', 2),
(7, 'nguyenconga', '202cb962ac59075b964b07152d234b70', 'nguyen cong a', 'nnhoai9723@gmail.com', '2129, Melody Lane', '546484151', 2),
(8, 'nguyenvand', '202cb962ac59075b964b07152d234b70', 'nguyen van c', 'sdfsdf@gmail.com', 'Cam Ranh', '984984651', 2),
(9, 'nguyenngochoai', 'de30ca32f9a90c52277cf5cbfd1c0890', 'Nguyễn Hoài', 'nnhoai210297@gmail.com', '111 - Cam Ranh', '02147483647', 2),
(10, 'admin', '21232f297a57a5a743894a0e4a801fc3', 'Nguyễn Ngọc Hoài', 'admin@gmail.com', '5A Cam Ranh', '02147483647', 1),
(11, 'minhbth', 'c92f1d1f2619172bf87a12e5915702a6', 'Bui Thi Hong Minh', 'minhbuithihong@gmail.com', '28A Phuong mai', '0983000604', 2),
(12, 'quocprokute', '8ddc45f89cfc7ce933e73a09526fc4c4', 'quốcprokute', 'quocprokute@gmail.com', 'thành phố giàu nhất vũ trụ', '0969696969', 2),
(13, 'nguyenanhtuan', '15f8182445bac21b05802649a8a698e7', 'Nguyễn Anh Tuấn', 'nguyenanhtuan@gmail.com', '11-Ninh Thuận', '0356624482', 2),
(14, 'tranvantuan', 'd78d517479004db9f09939af58e3fddc', 'Trần Văn Tuấn', 'tranvantuan@gmail.com', '11-Sài Gòn', '01268846632', 2);

-- --------------------------------------------------------

--
-- Cấu trúc bảng cho bảng `tintuc`
--

CREATE TABLE `tintuc` (
  `maTinTuc` int(11) NOT NULL,
  `tieuDe` varchar(250) DEFAULT NULL,
  `noiDungNgan` varchar(400) DEFAULT NULL,
  `noiDung` mediumtext,
  `tacGia` varchar(250) DEFAULT NULL,
  `hinhAnh` varchar(250) DEFAULT NULL,
  `ngayTao` timestamp NULL DEFAULT CURRENT_TIMESTAMP
) ENGINE=InnoDB DEFAULT CHARSET=utf8;

--
-- Đang đổ dữ liệu cho bảng `tintuc`
--

INSERT INTO `tintuc` (`maTinTuc`, `tieuDe`, `noiDungNgan`, `noiDung`, `tacGia`, `hinhAnh`, `ngayTao`) VALUES
(8, 'Lenovo IdeaPad 330 15IKB i5 giảm 1 triệu đồng, đáng mua trong tầm giá!', 'Bạn đang tìm mua một chiếc laptop giá rẻ để phục vụ cho nhu cầu học tập và văn phòng, thì hãy xem qua chiếc Lenovo IdeaPad 330 15IKB i5 này nhé. Thiết bị có thiết kế cứng cáp và sở hữu cấu hình tốt so với tầm giá, đồng thời lại đang được giảm giá 1 triệu đồng cùng nhiều quà tặng ưu đãi tại Thế Giới Di Động.', '<p>B&ecirc;n cạnh việc giảm gi&aacute; 1 triệu đồng, khi mua Lenovo IdeaPad 330 15IKB bạn sẽ nhận th&ecirc;m c&aacute;c qu&agrave; tặng như: Balo + (Trả g&oacute;p 0% hoặc Chuột kh&ocirc;ng d&acirc;y).</p>\r\n\r\n<p><img alt=\"hình minh họa\" src=\"https://cdn.tgdd.vn/Files/2019/05/23/1168559/5_800x450.jpg\" /></p>\r\n\r\n<p>Điểm cộng d&agrave;nh cho Lenovo IdeaPad 330 ch&iacute;nh l&agrave; th&acirc;n h&igrave;nh của m&aacute;y chỉ mỏng 23 mm gi&uacute;p bạn dễ d&agrave;ng bỏ v&agrave;o balo của m&igrave;nh, m&agrave;n h&igrave;nh đạt độ lớn 15.6 inch cho bạn kh&ocirc;ng gian trải nghiệm tốt nhất.&nbsp;&nbsp;</p>\r\n\r\n<p>Ngo&agrave;i ra gi&aacute; th&agrave;nh của m&aacute;y được xem l&agrave; tốt khi so với bộ cấu h&igrave;nh gồm: Vi xử l&iacute; Intel Core i5 Kabylake Refresh 8250U, dung lượng RAM 4 GB, ổ cứng HDD đạt mức 1 TB.</p>\r\n\r\n<p>Với cấu h&igrave;nh n&agrave;y, bạn sẽ thoải m&aacute;i để l&agrave;m việc văn ph&ograve;ng hay chơi một số game kh&ocirc;ng y&ecirc;u cầu đồ họa qu&aacute; cao như Li&ecirc;n Minh Huyền Thoại.</p>\r\n', 'Trần Anh Thư', 'lenovo-ideapad-130-14ikb-i3-7020u-4gb-1tb-81h6001-1-600x600.jpg', '2019-05-24 17:29:21'),
(9, 'Đã có bản cập nhật Windows 10 May 2019 Update, mời bạn tải về ngay', 'Microsoft vừa chính thức phát hành bản cập nhật Windows 10 May 2019 cho máy tính với hàng loạt cải tiến và một số tính năng mới hấp dẫn như: Giao diện Light gọn gàng hơn, công cụ tìm kiếm được thay đổi, máy ảo Sandbox, File Explorer mới,...', '<h3><strong>Những thay đổi tr&ecirc;n bản cập nhật&nbsp;Windows 10 May 2019</strong></h3>\r\n\r\n<p><strong>Giao diện Light</strong></p>\r\n\r\n<p><img alt=\"Windows 10 May 2019\" src=\"https://cdn.tgdd.vn/Files/2019/05/22/1168341/d1_800x448.jpg\" /></p>\r\n\r\n<p>Microsoft ch&iacute;nh thức bổ sung giao diện mới &quot;s&aacute;ng sủa&quot; hơn với t&ecirc;n gọi&nbsp;Light tr&ecirc;n bản cập nhật&nbsp;Windows 10 May 2019. Bạn sẽ cảm thấy th&iacute;ch giao diện n&agrave;y v&igrave; sự đơn giản, mới mẻ của n&oacute;.</p>\r\n\r\n<p><strong>Windows Sandbox</strong></p>\r\n\r\n<p><img alt=\"Windows 10 May 2019\" src=\"https://cdn.tgdd.vn/Files/2019/05/22/1168341/d2_800x450.jpg\" /></p>\r\n\r\n<p>Điểm nhấn tr&ecirc;n bản cập nhật lần n&agrave;y ch&iacute;nh l&agrave; Windows Sandbox, một t&iacute;nh năng mới gi&uacute;p người d&ugrave;ng c&oacute; thể chạy c&aacute;c ứng dụng kh&ocirc;ng tin tưởng trong m&ocirc;i trường an to&agrave;n, v&agrave; kh&ocirc;ng ảnh hưởng xấu đến thiết bị đang hoạt động.</p>\r\n\r\n<p><strong>C&ocirc;ng cụ t&igrave;m kiếm v&agrave; Cortana t&aacute;ch ri&ecirc;ng</strong></p>\r\n\r\n<p>Giờ đ&acirc;y,&nbsp;C&ocirc;ng cụ t&igrave;m kiếm v&agrave; Cortana tr&ecirc;n&nbsp;Windows 10 May 2019 đ&atilde; được t&aacute;ch ri&ecirc;ng kh&ocirc;ng c&ograve;n t&iacute;ch hợp chung v&agrave;o khung Search như trước. Cải tiến được rất nhiều người hưởng ứng v&igrave; sự tiện lợi của n&oacute;.</p>\r\n\r\n<p><strong>File Explorer được cải tiến</strong></p>\r\n\r\n<p>Tr&igrave;nh duyệt file mặc định tr&ecirc;n&nbsp;Windows 10 May 2019 sẽ c&oacute; một v&agrave;i thay đổi nhỏ, cụ thể khi người d&ugrave;ng truy cập v&agrave;o mục Download th&igrave; những file vừa tải về sẽ được ưu ti&ecirc;n hiển thị tr&ecirc;n đầu.</p>\r\n\r\n<p><strong>Active Hours</strong></p>\r\n\r\n<p>Chắc c&oacute; lẻ bạn từng gặp phải t&igrave;nh trang đang sử dụng m&aacute;y t&iacute;nh m&agrave; Windows li&ecirc;n tục y&ecirc;u cầu cập nhật hoặc khởi động lại m&aacute;y để cập nhật. Điều n&agrave;y sẽ kh&ocirc;ng xảy ra tr&ecirc;n phi&ecirc;n bản mới nhất v&igrave; đ&atilde; c&oacute; t&iacute;nh năng&nbsp;Active Hours.</p>\r\n\r\n<p>C&ocirc;ng cụ n&agrave;y sẽ gi&uacute;p bạn thiết lập khoảng thời gian l&agrave; việc (Active), v&agrave; nếu sử dụng m&aacute;y t&iacute;nh trong thời gian n&agrave;y th&igrave; Windows Update sẽ kh&ocirc;ng l&agrave;m phiền bạn như trước nữa.</p>\r\n\r\n<h3><strong>Hướng dẫn tải xuống Windows 10 May 2019 Update</strong></h3>\r\n\r\n<p>Bản cập nhật&nbsp;Windows 10 May 2019 Update sẽ được cung cấp lần lượt cho từng thiết bị, v&agrave; bạn c&oacute; thể tử 1 trong 3 c&aacute;ch sau để tải về bả update n&agrave;y nhanh nhất c&oacute; thể.</p>\r\n\r\n<p><strong>Tải xuống Windows 10 May 2019 Update bằng Windows Update</strong></p>\r\n\r\n<p><img alt=\"Windows 10 May 2019\" src=\"https://cdn.tgdd.vn/Files/2019/05/22/1168341/wpcentral_800x450.jpg\" /></p>\r\n\r\n<p>Để tải xuống v&agrave; c&agrave;i đặt tự động&nbsp;Windows 10 May 2019 Update, bạn c&oacute; thể thao t&aacute;c theo hướng dẫn sau:</p>\r\n\r\n<ul>\r\n	<li>Mở C&agrave;i đặt (Setting).</li>\r\n	<li>Nhấp v&agrave;o Cập nhật &amp; Bảo mật (Update &amp; Security).</li>\r\n	<li>Nhấp v&agrave;o Windows Update.</li>\r\n	<li>Nhấp v&agrave;o n&uacute;t Kiểm tra cập nhật (Check for updates).</li>\r\n</ul>\r\n\r\n<p><strong>Tải xuống thủ c&ocirc;ng&nbsp;Windows 10 May 2019 phần mềm chuy&ecirc;n dụng</strong></p>\r\n\r\n<p>Nếu như như thiết bị của bạn vẫn chưa cập nhật được phi&ecirc;n bản&nbsp;Windows 10 May 2019 mới nhất theo hướng dẫn tr&ecirc;n, th&igrave; c&oacute; thể thực hiện theo c&aacute;ch thủ c&ocirc;ng sau đ&acirc;y:</p>\r\n\r\n<p><strong>Bước 1:</strong>&nbsp;Nhấn v&agrave;o đường dẫn sau để mở trang web của Microsoft:</p>\r\n\r\n<ul>\r\n	<li><a href=\"https://www.microsoft.com/en-us/software-download/windows10?irgwc=1&amp;OCID=AID681541_aff_7593_159229&amp;tduid=(ir__nqcnikz9iwkfryf0kk0sohzz0m2xme6n69tyiw0l00)(7593)(159229)()(UUwpUdUnU62717)&amp;irclickid=_nqcnikz9iwkfryf0kk0sohzz0m2xme6n69tyiw0l00\" target=\"_blank\">Open this&nbsp;Microsoft support&nbsp;website</a>.</li>\r\n</ul>\r\n\r\n<p><strong>Bước 2:</strong>&nbsp;Chọn v&agrave;o biểu tượng Download tool now, sau đ&oacute; tải về file MediaCreationTool1903.</p>\r\n\r\n<p><strong>Bước 3:&nbsp;</strong>Mở file vừa tải về, nhấn v&agrave;o n&uacute;t Update Now v&agrave; l&agrave;m theo hướng dẫn để tải về bản cập nhật mới nhất&nbsp;Windows 10 May 2019.</p>\r\n\r\n<p><img alt=\"Windows 10 May 2019\" src=\"https://cdn.tgdd.vn/Files/2019/05/22/1168341/d5_702x555.jpg\" /></p>\r\n\r\n<p><strong>Bước 4:&nbsp;</strong>Sau khi ho&agrave;n tất thiết bị bạn sẽ y&ecirc;u cầu c&agrave;i đặt v&agrave; khởi động lại, h&atilde;y thực hiện theo y&ecirc;u cầu.</p>\r\n\r\n<p>Ch&uacute;c c&aacute;c bạn thao t&aacute;c th&agrave;nh c&ocirc;ng, v&agrave; trong qu&aacute; tr&igrave;nh thực hiện nếu gặp trục trặc g&igrave; h&atilde;y để lại c&acirc;u hỏi dưới phần b&igrave;nh luận nh&eacute;!</p>\r\n', 'TQ Hội', 'maxresdefault_800x450.jpg', '2019-05-24 17:30:57'),
(10, 'Cách khắc phục những vấn đề của bàn phím laptop', 'Khi bàn phím máy tính để bàn gặp trục trặc thì rất dễ để thay thế bàn phím mới, nhưng bàn phím laptop lại không đơn giản như vậy. Laptop gần như sẽ không thể hoạt động nếu bàn phím bị hỏng. Trong bài viết bên dưới, hãy cùng tìm hiểu những cách khắc phục những vấn đề của bàn phím laptop.', '<h3><strong>1. Lỗi driver</strong></h3>\r\n\r\n<p><img alt=\"Ảnh minh họa\" src=\"https://cdn.tgdd.vn/Files/2019/04/05/1158989/1_800x448.jpg\" /></p>\r\n\r\n<p>Cập nhật driver sẽ c&oacute; thể khắc phục c&aacute;c vấn đề của b&agrave;n ph&iacute;m. Để l&agrave;m vậy, bạn g&otilde;&nbsp;<strong>Device Manager</strong>&nbsp;v&agrave;o mục t&igrave;m kiếm cạnh menu&nbsp;<strong>Start</strong>. Chọn&nbsp;<strong>Keyboard</strong>&nbsp;v&agrave; nhấn đ&uacute;p v&agrave;o b&agrave;n ph&iacute;m trong c&aacute;c t&ugrave;y chọn xổ ra ở b&ecirc;n dưới, bạn tiếp tục v&agrave;o&nbsp;<strong>Drivers</strong>. Trong mục n&agrave;y, bạn c&oacute; thể cập nhật driver hoặc kh&ocirc;i phục lại c&aacute;c bản cập nhật trước phụ thuộc v&agrave;o thời gian được cập nhật gần đ&acirc;y.</p>\r\n\r\n<h3><strong>2. L&agrave;m vệ sinh b&agrave;n ph&iacute;m</strong></h3>\r\n\r\n<p>L&agrave;m sạch b&agrave;n ph&iacute;m laptop phức tạp hơn so với b&agrave;n ph&iacute;m m&aacute;y t&iacute;nh để b&agrave;n v&igrave; n&oacute; c&oacute; k&iacute;ch thước nhỏ hơn cũng như dễ hỏng. Nếu bạn vệ sinh b&agrave;n ph&iacute;m mạnh c&oacute; thể sẽ l&agrave;m hỏng to&agrave;n bộ thiết bị.</p>\r\n\r\n<p><img alt=\"Ảnh minh họa\" src=\"https://cdn.tgdd.vn/Files/2019/04/05/1158989/2_800x449.jpg\" /></p>\r\n\r\n<p>Bạn sử dụng khăn hoặc vải mềm để lau c&aacute;c ph&iacute;m, d&ugrave;ng c&acirc;y tăm b&ocirc;ng thấm một ch&uacute;t cồn 90 độ để l&agrave;m sạch c&aacute;c khoảng trống giữa c&aacute;c ph&iacute;m, thổi nhẹ để loại bỏ bớt bụi bẩn tr&ecirc;n b&agrave;n ph&iacute;m hay cũng c&oacute; thể sử dụng gel l&agrave;m sạch.</p>\r\n\r\n<h3><strong>3. Thay mới hoặc sửa chữa b&agrave;n ph&iacute;m</strong></h3>\r\n\r\n<p><img alt=\"Ảnh minh họa\" src=\"https://cdn.tgdd.vn/Files/2019/04/05/1158989/3_800x449.jpg\" /></p>\r\n\r\n<p>Khi laptop cần phải thay b&agrave;n ph&iacute;m, bạn h&atilde;y nhớ rằng mỗi mẫu laptop thường c&oacute; cấu tạo ri&ecirc;ng biệt. V&igrave; vậy, khi thay mới linh kiện n&ecirc;n chọn đ&uacute;ng chủng loại d&agrave;nh ri&ecirc;ng cho model đ&oacute;. Việc c&oacute; thể thay thế b&agrave;n ph&iacute;m dễ d&agrave;ng hay kh&ocirc;ng cũng t&ugrave;y thuộc v&agrave;o mỗi nh&agrave; sản xuất. Nếu sử dụng model từ c&ugrave;ng nh&agrave; sản xuất, việc điều chỉnh kết nối b&agrave;n ph&iacute;m sẽ tương đối đơn giản.</p>\r\n\r\n<h3><strong>4. Ph&iacute;m bị lỗi</strong></h3>\r\n\r\n<p><img alt=\"Ảnh minh họa\" src=\"https://cdn.tgdd.vn/Files/2019/04/05/1158989/4_800x449.jpg\" /></p>\r\n\r\n<p>Nếu một ph&iacute;m cho ra một biểu tượng kh&aacute;c so với th&ocirc;ng thường, rất c&oacute; thể đ&oacute; kh&ocirc;ng phải l&agrave; vấn đề của phần cứng. Nếu bạn đ&atilde; x&aacute;c định kh&ocirc;ng phải vấn đề của phần cứng, h&atilde;y v&agrave;o&nbsp;<strong>Settings</strong>&nbsp;-&gt;&nbsp;<strong>Time and Language</strong>&nbsp;-&gt;&nbsp;<strong>Region and Language</strong>. Chọn&nbsp;<strong>Add Language</strong>&nbsp;để thiết lập về ng&ocirc;n ngữ đ&uacute;ng. Sau khi chỉnh sửa bạn h&atilde;y kiểm tra xem c&aacute;c ph&iacute;m đ&atilde; được điều chỉnh đ&uacute;ng hay chưa.</p>\r\n\r\n<h3><strong>5. Mua b&agrave;n ph&iacute;m rời</strong></h3>\r\n\r\n<p><img alt=\"Ảnh minh họa\" src=\"https://cdn.tgdd.vn/Files/2019/04/05/1158989/5_800x449.jpg\" /></p>\r\n\r\n<p>Đ&acirc;y l&agrave; phương ph&aacute;p cuối c&ugrave;ng nếu bạn vẫn kh&ocirc;ng thể sửa c&aacute;c lỗi của b&agrave;n ph&iacute;m. Bạn c&oacute; thể thay thế b&agrave;n ph&iacute;m laptop bằng b&agrave;n ph&iacute;m kết nối USB hoặc b&agrave;n ph&iacute;m kh&ocirc;ng d&acirc;y.</p>\r\n', 'Phạm Nguyễn Ngọc Hương', 'nen_800x450.jpg', '2019-05-24 17:35:03'),
(11, 'Hướng dẫn sao lưu, tránh mất dữ liệu quan trọng trên máy Mac', 'Ngày nay, dịch vụ iCloud cho phép bạn có thể sao lưu dữ liệu trên bất kì thiết bị Apple nào. Bạn có thể sao lưu dữ liệu lên cả iCloud và ổ đĩa cục bộ để đảm bảo an toàn. Tuy nhiên, ổ cứng rời cũng là một sự lựa chọn hợp lý để bạn bảo vệ những dữ liệu của mình nếu bạn ở khu vực có mạng internet chưa tốt hay ít kết nối mạng.', '<h3><strong>1. Đảm bảo ổ cứng rời đ&atilde; được format đ&uacute;ng c&aacute;ch</strong></h3>\r\n\r\n<p>Nếu bạn định sử dụng ổ cứng rời (HDD hoặc SSD) để sao lưu dữ liệu tr&ecirc;n m&aacute;y&nbsp;<a href=\"https://www.thegioididong.com/laptop-apple-macbook\" target=\"_blank\">Mac</a>, bạn h&atilde;y bắt đầu bằng việc format (định dạng) n&oacute; cho hệ thống tập tin mở rộng macOS v&igrave; chỉ c&oacute; một số &iacute;t ổ cứng l&agrave; đ&atilde; nh&agrave; sản xuất định dạng trước cho m&aacute;y Mac.</p>\r\n\r\n<p><img alt=\"Ảnh minh họa\" src=\"https://cdn.tgdd.vn/Files/2019/03/05/1153071/formatocungroi_800x442.jpg\" /></p>\r\n\r\n<p>- Bước 1: Kết nối ổ cứng mới của bạn với m&aacute;y Mac.</p>\r\n\r\n<p>L&yacute; tưởng nhất l&agrave; bạn n&ecirc;n sử dụng một ổ cứng mới v&igrave; nếu l&agrave; ổ cứng cũ, việc định dạng sẽ x&oacute;a mọi dữ liệu bạn c&oacute; tr&ecirc;n ổ cứng đ&oacute;. Thế n&ecirc;n nếu sử dụng ổ cứng cũ bạn n&ecirc;n chuyển c&aacute;c dữ liệu c&oacute; gi&aacute; trị l&ecirc;n một thiết bị kh&aacute;c.</p>\r\n\r\n<p>- Bước 2: Chạy&nbsp;<strong>Disk Utility</strong>. Bạn v&agrave;o&nbsp;<strong>Applications</strong>&nbsp;th&ocirc;ng qua&nbsp;<strong>Dock</strong>,&nbsp;<strong>Disk Utility</strong>nằm ở mục&nbsp;<strong>Utilities</strong>.</p>\r\n\r\n<p>- Bước 3: Chọn ổ cứng bạn muốn định dạng.</p>\r\n\r\n<p>- Bước 4: X&oacute;a ổ đĩa. Trong cửa số&nbsp;<strong>Disk Utility</strong>, bạn chọn&nbsp;<strong>X&oacute;a</strong>&nbsp;v&agrave; sau đ&oacute; đổi t&ecirc;n ổ đĩa.</p>\r\n\r\n<p>- Bước 5: Chọn định dạng mới</p>\r\n\r\n<p>C&aacute;c định dạng mới n&agrave;y bao gồm Extended (Journaled), Extended (Case-sensitivve, Journaled), Extended (Journaled, Encrypted),&hellip;</p>\r\n\r\n<ul>\r\n	<li>Journaled sẽ sử dụng Journaled HFS Plus để sắp xếp c&aacute;c dữ liệu c&oacute; t&iacute;nh tổ chức.</li>\r\n	<li>Encrypted sẽ m&atilde; h&oacute;a v&agrave; th&ecirc;m mật khẩu bảo vệ.</li>\r\n	<li>Case-sensitive sẽ ph&acirc;n biệt c&aacute;c folder với chữ in hoa/chữ thường.</li>\r\n</ul>\r\n\r\n<p>H&atilde;y chọn một mục ph&ugrave; hợp với bạn. Trong trường hợp bạn kh&ocirc;ng biết phải lựa chọn c&aacute;i n&agrave;o th&igrave; h&atilde;y chọn định dạng thứ tư v&igrave; lựa chọn n&agrave;y bao gồm cả ba khả năng tr&ecirc;n.</p>\r\n\r\n<p>- Bước 6: V&agrave;o&nbsp;<strong>Security Options</strong>. H&atilde;y đảm bảo ổ đĩa c&oacute; thể ghi đ&egrave; l&ecirc;n dữ liệu cũ tối thiếu ba lần (d&agrave;nh cho ổ đĩa SATA, kh&ocirc;ng phải SSD).</p>\r\n\r\n<p>- Bước 7: X&oacute;a v&agrave; x&aacute;c nhận. Vậy l&agrave; l&agrave; ổ đĩa của bạn đ&atilde; được định dạng xong.</p>\r\n\r\n<h3><strong>2. Sao lưu số lượng lớn dữ liệu bằng Time Machine</strong></h3>\r\n\r\n<p><img alt=\"Ảnh minh họa\" src=\"https://cdn.tgdd.vn/Files/2019/03/05/1153071/timemachine_800x527.jpg\" /></p>\r\n\r\n<p>Time Machine c&oacute; thể tự động sao lưu m&aacute;y Mac của bạn theo lịch tr&igrave;nh. Nếu bạn kh&ocirc;ng cảm thấy phiền khi ổ cứng ngo&agrave;i của bạn lu&ocirc;n kết nối với m&aacute;y Mac, th&igrave; Time Machine thực sự rất hữu dụng.</p>\r\n\r\n<p>- Bước 1: Mở&nbsp;<strong>Time Machine</strong>&nbsp;v&agrave; k&iacute;ch hoạt n&oacute;. Bạn v&agrave;o&nbsp;<strong>Time Machine</strong>&nbsp;th&ocirc;ng qua&nbsp;<strong>Systen Preferences</strong>&nbsp;nằm ở tr&ecirc;n&nbsp;<strong>Dock</strong>.</p>\r\n\r\n<p>- Bước 2: Chọn ổ cứng rời bạn d&ugrave;ng để sao lưu. Chọn ổ m&agrave; bạn vừa format xong, nếu ổ cứng rời đ&atilde; được m&atilde; h&oacute;a th&igrave; bạn chỉ cần nhập th&ecirc;m mật khẩu.</p>\r\n\r\n<p><img alt=\"Ảnh minh họa\" src=\"https://cdn.tgdd.vn/Files/2019/03/05/1153071/chonocungroitimemachine_800x316.jpg\" /></p>\r\n\r\n<p>- Bước 3: Kiểm tra&nbsp;<strong>Options</strong>. Bạn chọn khối lượng dữ liệu bạn muốn sao lưu, rất tiện dụng nếu bạn kh&ocirc;ng muốn sao lưu to&agrave;n bộ dữ liệu tr&ecirc;n Mac.</p>\r\n\r\n<p>Time Machine sẽ tự động sao lưu dữ liệu của bạn v&agrave; cho ph&eacute;p bạn truy xuất dữ liệu trong v&ograve;ng 24 giờ trước.</p>\r\n\r\n<h3><strong>3. Chọn sao lưu những tập tin cụ thể theo c&aacute;ch thủ c&ocirc;ng</strong></h3>\r\n\r\n<p><img alt=\"Ảnh minh họa\" src=\"https://cdn.tgdd.vn/Files/2019/03/05/1153071/saoluufilecuthe_800x240.jpg\" /></p>\r\n\r\n<p>Nếu bạn muốn sao lưu những tập tin cụ thể như c&aacute;c tập tin truyền th&ocirc;ng hay sao c&aacute;c dữ liệu li&ecirc;n quan tới c&ocirc;ng việc th&igrave; đ&acirc;y l&agrave; giải ph&aacute;p ph&ugrave; hợp nhất.</p>\r\n\r\n<p>- Bước 1: Mở&nbsp;<strong>Finder</strong>&nbsp;của bạn th&ocirc;ng qua&nbsp;<strong>Dock</strong>&nbsp;&ndash; B&ecirc;n tay tr&aacute;i, bạn sẽ thấy ổ cứng rời đ&atilde; kết nối v&agrave; đ&atilde; được định dạng. Nếu như kh&ocirc;ng thấy, bạn v&agrave;o&nbsp;<strong>Preferences</strong>&nbsp;v&agrave; chọn&nbsp;<strong>Sidebar</strong>, để t&ugrave;y chỉnh những g&igrave; sẽ hiện l&ecirc;n trong sidebar của&nbsp;<strong>Finder</strong>.</p>\r\n\r\n<p>- Bước 2: Tạo thư mục cần thiết để chứa những tập tin.</p>\r\n\r\n<p><img alt=\"Ảnh minh họa\" src=\"https://cdn.tgdd.vn/Files/2019/03/05/1153071/taofoldercanthiet_800x411.jpg\" /></p>\r\n\r\n<p>- Bước 3: Di chuyển những thư mục n&agrave;y v&agrave;o ổ cứng rời của bạn.</p>\r\n\r\n<p>Ngo&agrave;i ra nếu như bạn kh&ocirc;ng t&igrave;m thấy tập tin cụ thể bạn muốn sao lưu, bạn c&oacute; thể sử dụng chức năng t&igrave;m kiếm ở ph&iacute;a tr&ecirc;n b&ecirc;n phải cửa sổ&nbsp;<strong>Finder</strong>.</p>\r\n\r\n<p>Tr&ecirc;n đ&acirc;y l&agrave; những c&aacute;ch để sao lưu những dữ liệu tr&ecirc;n Mac của bạn bằng ổ cứng rời. H&atilde;y c&ugrave;ng chia sẻ để bảo vệ an to&agrave;n cho dữ liệu tr&ecirc;n m&aacute;y Mac.</p>\r\n', 'DigitalTrends', 'nen_800x450.png', '2019-05-24 17:36:04'),
(12, 'Làm thế nào để chạy ứng dụng Android trên máy tính?', 'Đôi khi bạn sẽ gặp những ứng dụng điện thoại rất hay và tiện lợi nhưng lại chưa có mặt trên PC. Thật may, thông qua phần mềm hỗ trợ của bên thứ ba, bạn có thể trải nghiệm những ứng dụng đó. Và bây giờ, mình sẽ hướng dẫn cho bạn cách làm thế nào để cài đặt những phần mềm này vào máy tính.', '<h3><strong>Bluestacks</strong></h3>\r\n\r\n<p>Giả lập Bluestacks l&agrave; một trong những giả lập Android phổ biến nhất hiện nay. N&oacute; cho ph&eacute;p bạn chạy game v&agrave; ứng dụng kh&aacute;c tr&ecirc;n phi&ecirc;n bản Android 7.1.2 (Nougat). Bluestacks được thiết kế để c&oacute; thể t&ugrave;y chỉnh giao diện gi&uacute;p bạn dễ d&agrave;ng chạy ứng dụng v&agrave; c&agrave;i đặt c&aacute;c chức năng của giả lập.</p>\r\n\r\n<p>Ngo&agrave;i ra, giả lập c&ograve;n được trang bị c&ocirc;ng nghệ Layercake c&oacute; thể tăng tốc độ của phần cứng để c&aacute;c game Android c&oacute; thể chạy mượt hơn tr&ecirc;n Windows. Nếu bạn sử dụng Facebook hay Twitch v&agrave; RAM m&aacute;y t&iacute;nh của bạn tr&ecirc;n 8 GB, bạn c&oacute; thể cast game hoặc ứng dụng ngay tr&ecirc;n cửa sổ Bluestacks.</p>\r\n\r\n<p><img alt=\"Ảnh minh họa\" src=\"https://cdn.tgdd.vn/Files/2019/02/10/1149098/1_800x459.jpg\" /></p>\r\n\r\n<p>Tuy giả lập Bluestacks l&agrave; miễn ph&iacute;, nhưng bạn c&oacute; thể đ&oacute;ng 2$ mỗi th&aacute;ng để được hỗ trợ th&ecirc;m v&agrave; nhận những ưu đ&atilde;i độc quyền từ những nh&agrave; ph&aacute;t triển ứng dụng. Sau đ&acirc;y l&agrave; c&aacute;ch để c&agrave;i đặt Bluestacks:</p>\r\n\r\n<p><strong>Bước 1:</strong>&nbsp;Bạn&nbsp;<a href=\"https://www.bluestacks.com/vi/index.html\" target=\"_blank\">tải ứng dụng từ trang chủ của Bluestacks</a>.</p>\r\n\r\n<p><strong>Bước 2:</strong>&nbsp;Chạy file c&agrave;i đặt vừa tải về v&agrave; chọn xem ổ n&agrave;o bạn sẽ lưu c&aacute;c ứng dụng của m&igrave;nh. C&ograve;n Bluestacks sẽ được c&agrave;i đặt thẳng v&agrave;o ổ C của bạn, kh&ocirc;ng thể c&agrave;i ở ổ kh&aacute;c.</p>\r\n\r\n<p><strong>Bước 3:</strong>&nbsp;Khi Bluestacks đ&atilde; c&agrave;i đặt xong, bạn khởi động ứng dụng v&agrave; đăng nhập v&agrave;o t&agrave;i khoản Google của m&igrave;nh, sau đấy bạn v&agrave;o cửa h&agrave;ng Google Play, bạn sẽ thấy to&agrave;n bộ ứng dụng bạn đ&atilde; từng mua v&agrave; c&agrave;i đặt.</p>\r\n\r\n<h3><strong>Dual Boot</strong></h3>\r\n\r\n<p><img alt=\"Ảnh minh họa\" src=\"https://cdn.tgdd.vn/Files/2019/02/10/1149098/dualboot_800x450.jpg\" /></p>\r\n\r\n<p>C&oacute; một c&aacute;ch để bạn c&oacute; thể thay đổi c&aacute;c giả lập Android sang phi&ecirc;n bản Android mới hơn v&agrave; đ&oacute; l&agrave; Dual Boot. N&oacute; gần như sẽ chuyển to&agrave;n bộ m&aacute;y t&iacute;nh bạn th&agrave;nh thiết bị Android. Mỗi lần khởi động m&aacute;y, bạn c&oacute; thể chuyển sang Android hoặc khởi động như b&igrave;nh thường. Trạng th&aacute;i Android đ&oacute; của m&aacute;y t&iacute;nh sẽ hoạt động y như một chiếc điện thoại hay m&aacute;y t&iacute;nh bảng b&igrave;nh thường.</p>\r\n\r\n<p>Để l&agrave;m được vậy kh&ocirc;ng đơn giản ch&uacute;t n&agrave;o. V&igrave; phần cứng của m&aacute;y t&iacute;nh bao gồm bộ xử l&yacute; Intel, card đồ họa v&agrave; cả ổ cứng phải được nh&agrave; ph&aacute;t triển b&ecirc;n thứ ba cho ph&eacute;p chuyển đổi sang Android.</p>\r\n\r\n<h3><strong>Phoenix OS</strong></h3>\r\n\r\n<p>Phoenix OS l&agrave; giả lập Android 7.1 hoặc 5.1 t&ugrave;y &yacute; bạn v&agrave; c&oacute; thể Dual Boot. V&agrave; đ&acirc;y l&agrave; c&aacute;ch để bạn c&agrave;i đặt n&oacute;.</p>\r\n\r\n<p><img alt=\"Ảnh minh họa\" src=\"https://cdn.tgdd.vn/Files/2019/02/10/1149098/2_800x449.jpg\" /></p>\r\n\r\n<p><strong>Bước 1:</strong>&nbsp;<a href=\"http://www.phoenixos.com/download_x86\" target=\"_blank\">Tải ứng dụng từ trang chủ của Phoenix OS</a>, bạn c&oacute; thể chọn phi&ecirc;n bản 7.1 hay 5.1 t&ugrave;y &yacute;.</p>\r\n\r\n<p><strong>Bước 2:</strong>&nbsp;Bạn tạo ra một ph&acirc;n v&ugrave;ng ổ đĩa mới để c&agrave;i đặt Phoenix OS</p>\r\n\r\n<p><strong>Bước 3:</strong>&nbsp;C&agrave;i đặt Phoenix OS l&ecirc;n ph&acirc;n v&ugrave;ng ổ đĩa mới. Ngo&agrave;i ra bạn c&ograve;n c&oacute; thể c&agrave;i l&ecirc;n một USB c&oacute; thể boot được.</p>\r\n\r\n<p><strong>Bước 4:</strong>&nbsp;Chọn size dữ liệu bạn muốn c&agrave;i đặt.</p>\r\n\r\n<p><strong>Bước 5:</strong>&nbsp;Khi c&agrave;i đặt ho&agrave;n tất, bạn khởi động lại m&aacute;y m&agrave; chọn Phoenix OS từ m&agrave;n h&igrave;nh khởi động.</p>\r\n\r\n<h3><strong>Android-X86</strong></h3>\r\n\r\n<p>Android-X86 l&agrave; dự &aacute;n m&atilde; nguồn mở với mục đ&iacute;ch &aacute;p dụng phi&ecirc;n bản mới nhất của Android l&ecirc;n Windows, ở đ&acirc;y l&agrave; phi&ecirc;n bản Android 8.1 RC2 Oreo. Phi&ecirc;n bản mới nhất của Android-X86 bổ sung th&ecirc;m nhiều cải tiến như t&iacute;nh năng th&ocirc;ng b&aacute;o của Google, quản l&yacute; ứng dụng th&ocirc;ng minh hơn, chọn văn bản th&ocirc;ng minh v&agrave; trang bị OpenGL ES 3. trở l&ecirc;n để tăng tốc phần cứng cho đồ họa của Intel, AMD hay Nvidia.</p>\r\n\r\n<p><img alt=\"Ảnh minh họa\" src=\"https://cdn.tgdd.vn/Files/2019/02/10/1149098/3_800x601.jpg\" /></p>\r\n\r\n<p>Team Android-X86 đ&atilde; l&agrave;m cho giao diện của giả lập giống như một m&agrave;n h&igrave;nh desktop. Phi&ecirc;n bản n&agrave;y đi k&egrave;m với những t&iacute;nh năng như thanh t&aacute;c vụ mới hay c&oacute; thể thay đổi size cửa sổ ứng dụng thay v&igrave; l&agrave; to&agrave;n m&agrave;n h&igrave;nh.</p>\r\n\r\n<p>Android-X86 cho ph&eacute;p bạn c&oacute; thể t&ugrave;y chỉnh Android của m&igrave;nh theo &yacute; th&iacute;ch. Bạn c&oacute; thể c&agrave;i đặt theme của b&ecirc;n thứ ba, m&agrave;n h&igrave;nh ch&iacute;nh v&agrave; nhiều c&aacute;i kh&aacute;c nữa m&agrave; kh&ocirc;ng cần bận t&acirc;m liệu ch&uacute;ng c&oacute; xung khắc với nhau hay kh&ocirc;ng. Sau đ&acirc;y l&agrave; c&aacute;ch để c&agrave;i đặt Android-X86 l&ecirc;n m&aacute;y t&iacute;nh của bạn:</p>\r\n\r\n<p><strong>Bước 1:</strong>&nbsp;H&atilde;y chắc chắn l&agrave; ổ cứng của m&aacute;y bạn tối thiểu c&ograve;n 2GB. Sau đấy&nbsp;<a href=\"http://www.android-x86.org/download\" target=\"_blank\">tải về Android-X86 ISO</a>. Xem danh s&aacute;ch những thiết bị hỗ trợ tại đ&acirc;y.</p>\r\n\r\n<p><strong>Bước 2:</strong>&nbsp;<a href=\"https://unetbootin.github.io/\" target=\"_blank\">Tải về UNetbootin</a>. Mở UNetbootin v&agrave; chọn Android-X86 bạn vừa tải về. Chọn USB của bạn v&agrave; nhấn OK. Sau đấy chờ UNetbootin c&agrave;i đặt Android-X86 l&ecirc;n USB của bạn.</p>\r\n\r\n<p><img alt=\"Ảnh minh họa\" src=\"https://cdn.tgdd.vn/Files/2019/02/10/1149098/unetbootin-usb-700x393_800x449.jpg\" /></p>\r\n\r\n<p><strong>Bước 3:</strong>&nbsp;Khởi động lại m&aacute;y v&agrave; chọn Boot to the Boot Device Selection v&agrave; chọn USB của bạn. Từ UNetbootin, chọn Install Android-X86 to hard disk.</p>\r\n\r\n<p><strong>Bước 4:</strong>&nbsp;Chọn ph&acirc;n v&ugrave;ng hoặc địa chỉ m&agrave; bạn muốn c&agrave;i Android-X86. Chương tr&igrave;nh sẽ hỏi liệu bạn muốn format ổ đĩa kh&ocirc;ng, nếu bạn kh&ocirc;ng chắc th&igrave; kh&ocirc;ng cần l&agrave;m.</p>\r\n\r\n<p><strong>Bước 5:</strong>&nbsp;Bạn sẽ được hỏi c&oacute; muốn c&agrave;i đặt GRUB kh&ocirc;ng. Chọn Yes v&agrave; Yes lần nữa. Bạn tiếp tục được hỏi nếu bạn muốn &ldquo;make system r/w,&rdquo; c&aacute;i n&agrave;y sẽ cho ph&eacute;p Android-X86 của bạn c&oacute; thể đọc v&agrave; nhập dữ liệu l&ecirc;n ổ cứng của bạn. Chọn Yes.</p>\r\n\r\n<p><strong>Bước 6:</strong>&nbsp;Khởi động lại m&aacute;y lần thứ hai. Khi c&agrave;i đặt xong, cũng như Phoenix OS, bạn c&oacute; thể v&agrave;o cửa h&agrave;ng Google Play để bắt đầu c&agrave;i đặt những ứng dụng Android m&agrave; bạn muốn.</p>\r\n\r\n<p>H&atilde;y c&ugrave;ng chia sẻ để được trải nghiệm những ứng dụng hay của Android tr&ecirc;n m&aacute;y t&iacute;nh nh&eacute;!</p>\r\n', 'DigitalTrends', 'the-five-best-android-emulators-for-windows-featured_800x450.jpg', '2019-05-24 17:37:00');

--
-- Chỉ mục cho các bảng đã đổ
--

--
-- Chỉ mục cho bảng `banner`
--
ALTER TABLE `banner`
  ADD PRIMARY KEY (`maBanner`);

--
-- Chỉ mục cho bảng `binhluansp`
--
ALTER TABLE `binhluansp`
  ADD PRIMARY KEY (`maBinhLuan`),
  ADD KEY `fk_blsanpham` (`maSanPham`),
  ADD KEY `fk_blthanhvien` (`maTaiKhoan`);

--
-- Chỉ mục cho bảng `chitietdondathang`
--
ALTER TABLE `chitietdondathang`
  ADD PRIMARY KEY (`mactddh`),
  ADD KEY `fk_sanpham` (`maSanPham`),
  ADD KEY `fk_dondathang` (`maDonDatHang`);

--
-- Chỉ mục cho bảng `danhmuc`
--
ALTER TABLE `danhmuc`
  ADD PRIMARY KEY (`maDanhMuc`);

--
-- Chỉ mục cho bảng `dondathang`
--
ALTER TABLE `dondathang`
  ADD PRIMARY KEY (`maDonDatHang`),
  ADD KEY `fk_thanhvien` (`maTaiKhoan`);

--
-- Chỉ mục cho bảng `item_rating`
--
ALTER TABLE `item_rating`
  ADD PRIMARY KEY (`ratingId`),
  ADD KEY `fksanpham` (`itemId`),
  ADD KEY `fkthanhvienrt` (`userId`);

--
-- Chỉ mục cho bảng `quyen`
--
ALTER TABLE `quyen`
  ADD PRIMARY KEY (`maQuyen`);

--
-- Chỉ mục cho bảng `sanpham`
--
ALTER TABLE `sanpham`
  ADD PRIMARY KEY (`maSanPham`),
  ADD KEY `fk_danhmuc` (`maDanhMuc_S`);

--
-- Chỉ mục cho bảng `thanhvien`
--
ALTER TABLE `thanhvien`
  ADD PRIMARY KEY (`maTaiKhoan`),
  ADD KEY `fk_quyen` (`maQuyen_S`);

--
-- Chỉ mục cho bảng `tintuc`
--
ALTER TABLE `tintuc`
  ADD PRIMARY KEY (`maTinTuc`);

--
-- AUTO_INCREMENT cho các bảng đã đổ
--

--
-- AUTO_INCREMENT cho bảng `banner`
--
ALTER TABLE `banner`
  MODIFY `maBanner` int(11) NOT NULL AUTO_INCREMENT, AUTO_INCREMENT=10;

--
-- AUTO_INCREMENT cho bảng `binhluansp`
--
ALTER TABLE `binhluansp`
  MODIFY `maBinhLuan` int(11) NOT NULL AUTO_INCREMENT, AUTO_INCREMENT=3;

--
-- AUTO_INCREMENT cho bảng `chitietdondathang`
--
ALTER TABLE `chitietdondathang`
  MODIFY `mactddh` int(11) NOT NULL AUTO_INCREMENT, AUTO_INCREMENT=14;

--
-- AUTO_INCREMENT cho bảng `danhmuc`
--
ALTER TABLE `danhmuc`
  MODIFY `maDanhMuc` int(11) NOT NULL AUTO_INCREMENT, AUTO_INCREMENT=20;

--
-- AUTO_INCREMENT cho bảng `dondathang`
--
ALTER TABLE `dondathang`
  MODIFY `maDonDatHang` int(11) NOT NULL AUTO_INCREMENT, AUTO_INCREMENT=13;

--
-- AUTO_INCREMENT cho bảng `quyen`
--
ALTER TABLE `quyen`
  MODIFY `maQuyen` int(11) NOT NULL AUTO_INCREMENT, AUTO_INCREMENT=3;

--
-- AUTO_INCREMENT cho bảng `sanpham`
--
ALTER TABLE `sanpham`
  MODIFY `maSanPham` int(11) NOT NULL AUTO_INCREMENT, AUTO_INCREMENT=103;

--
-- AUTO_INCREMENT cho bảng `thanhvien`
--
ALTER TABLE `thanhvien`
  MODIFY `maTaiKhoan` int(11) NOT NULL AUTO_INCREMENT, AUTO_INCREMENT=15;

--
-- AUTO_INCREMENT cho bảng `tintuc`
--
ALTER TABLE `tintuc`
  MODIFY `maTinTuc` int(11) NOT NULL AUTO_INCREMENT, AUTO_INCREMENT=13;

--
-- Các ràng buộc cho các bảng đã đổ
--

--
-- Các ràng buộc cho bảng `binhluansp`
--
ALTER TABLE `binhluansp`
  ADD CONSTRAINT `fk_blsanpham` FOREIGN KEY (`maSanPham`) REFERENCES `sanpham` (`maSanPham`),
  ADD CONSTRAINT `fk_blthanhvien` FOREIGN KEY (`maTaiKhoan`) REFERENCES `thanhvien` (`maTaiKhoan`);

--
-- Các ràng buộc cho bảng `chitietdondathang`
--
ALTER TABLE `chitietdondathang`
  ADD CONSTRAINT `fk_dondathang` FOREIGN KEY (`maDonDatHang`) REFERENCES `dondathang` (`maDonDatHang`),
  ADD CONSTRAINT `fk_sanpham` FOREIGN KEY (`maSanPham`) REFERENCES `sanpham` (`maSanPham`);

--
-- Các ràng buộc cho bảng `dondathang`
--
ALTER TABLE `dondathang`
  ADD CONSTRAINT `fk_thanhvien` FOREIGN KEY (`maTaiKhoan`) REFERENCES `thanhvien` (`maTaiKhoan`);

--
-- Các ràng buộc cho bảng `item_rating`
--
ALTER TABLE `item_rating`
  ADD CONSTRAINT `fksanpham` FOREIGN KEY (`itemId`) REFERENCES `sanpham` (`maSanPham`),
  ADD CONSTRAINT `fkthanhvienrt` FOREIGN KEY (`userId`) REFERENCES `thanhvien` (`maTaiKhoan`);

--
-- Các ràng buộc cho bảng `sanpham`
--
ALTER TABLE `sanpham`
  ADD CONSTRAINT `fk_danhmuc` FOREIGN KEY (`maDanhMuc_S`) REFERENCES `danhmuc` (`maDanhMuc`);

--
-- Các ràng buộc cho bảng `thanhvien`
--
ALTER TABLE `thanhvien`
  ADD CONSTRAINT `fk_quyen` FOREIGN KEY (`maQuyen_S`) REFERENCES `quyen` (`maQuyen`);
COMMIT;

/*!40101 SET CHARACTER_SET_CLIENT=@OLD_CHARACTER_SET_CLIENT */;
/*!40101 SET CHARACTER_SET_RESULTS=@OLD_CHARACTER_SET_RESULTS */;
/*!40101 SET COLLATION_CONNECTION=@OLD_COLLATION_CONNECTION */;
